,phrase,label,sentiment,subjectivity,language,count
DWD,DWD,ORG,-0.05810694264769282,0.1121172919361791,de,154.60000000000042
Deutsche Wetterdienst,Deutsche Wetterdienst,ORG,-0.08046459557794554,0.10215505177721786,de,119.10000000000022
Deutschen Wetterdienstes,Deutschen Wetterdienstes,ORG,-0.08647450110864752,0.02217294900221731,de,45.099999999999966
EU,EU,ORG,-0.00534759358288771,0.04010695187165779,de,37.39999999999997
TTS-Player,TTS-Player,ORG,0.1948228882833789,0.06811989100817444,de,36.699999999999974
Grüne,Grüne,ORG,-0.06271777003484322,0.08710801393728225,de,28.699999999999996
SPD,SPD,ORG,-0.12448979591836733,0.18367346938775508,de,24.500000000000004
CDU,CDU,ORG,0.040816326530612256,0.0,de,24.499999999999993
picture alliance,picture alliance,ORG,0.05069124423963134,0.09216589861751154,de,21.699999999999996
EU-Kommission,EU-Kommission,ORG,0.09714285714285711,0.0,de,17.500000000000004
Berlin,Berlin,ORG,-0.04575163398692809,0.0,de,15.300000000000004
RKI,RKI,ORG,-0.26470588235294107,0.03267973856209149,de,15.300000000000004
Deutschland,Deutschland,ORG,0.14444444444444438,0.1481481481481481,de,13.500000000000004
Hitze,Hitze,ORG,0.23828124999999992,0.039062499999999986,de,12.800000000000004
WHO,WHO,ORG,-2.0185873175002844e-17,0.0909090909090909,de,11.000000000000002
WMO,WMO,ORG,-0.12844036697247704,0.0,de,10.900000000000002
Deutschen Wetterdienst,Deutschen Wetterdienst,ORG,-0.2523364485981308,0.16822429906542055,de,10.700000000000001
Die Grünen,Die Grünen,ORG,-0.198019801980198,0.2574257425742574,de,10.100000000000001
die Grünen,die Grünen,ORG,0.0,0.0,de,10.000000000000002
Geosphere Austria,Geosphere Austria,ORG,0.16999999999999996,0.0,de,10.000000000000002
Deutsche Bahn,Deutsche Bahn,ORG,-0.1616161616161616,0.07575757575757576,de,9.9
GeoSphere Austria,GeoSphere Austria,ORG,0.21428571428571425,0.2040816326530612,de,9.8
F.A.Z.,F.A.Z.,ORG,0.10638297872340426,0.10638297872340426,de,9.4
https://epaper.welt.de,https://epaper.welt.de,ORG,0.0,0.0,de,9.100000000000001
stern-Newsblog,stern-Newsblog,ORG,0.0,0.0,de,9.100000000000001
Bundestag,Bundestag,ORG,-0.14606741573033707,0.0,de,8.9
CSU,CSU,ORG,0.15294117647058825,0.0,de,8.5
Greenpeace,Greenpeace,ORG,0.10365853658536583,0.0,de,8.200000000000001
Petersberger Klimadialog,Petersberger Klimadialog,ORG,0.21666666666666667,0.0,de,8.0
lby,lby,ORG,0.26249999999999996,0.0,de,8.0
Linke,Linke,ORG,-0.375,0.0,de,7.2
…,…,ORG,-0.23943661971830982,0.0,de,7.100000000000001
Deutschem Wetterdienst,Deutschem Wetterdienst,ORG,-0.09859154929577463,0.1408450704225352,de,7.1000000000000005
Special Olympics,Special Olympics,ORG,0.16911764705882354,0.1470588235294118,de,6.799999999999999
DLRG,DLRG,ORG,-0.10937499999999999,0.0,de,6.4
ei…,ei…,ORG,-0.07142857142857142,0.0,de,6.300000000000001
ADAC,ADAC,ORG,0.3032786885245902,0.3278688524590164,de,6.1
Grünen,Grünen,ORG,0.12499999999999999,0.059523809523809514,de,5.6000000000000005
Saharastaub,Saharastaub,ORG,-0.5454545454545454,0.0,de,5.5
"Link
","Link
",ORG,-0.34545454545454546,0.0,de,5.5
AfD,AfD,ORG,0.0,0.0,de,5.4
Fifa,Fifa,ORG,-0.462962962962963,0.5555555555555556,de,5.3999999999999995
Deutschen Presse-Agentur,Deutschen Presse-Agentur,ORG,0.0,0.18867924528301888,de,5.3
EU-Länder,EU-Länder,ORG,-0.21428571428571425,0.1020408163265306,de,4.9
US-Umweltschützer,US-Umweltschützer,ORG,-0.6521739130434783,0.0,de,4.6
Europäische Kommission,Europäische Kommission,ORG,0.0,0.0,de,4.6
UN-Bericht,UN-Bericht,ORG,-0.15217391304347827,0.2173913043478261,de,4.6
Senat,Senat,ORG,0.05797101449275362,0.0,de,4.6
UNHCR,UNHCR,ORG,-0.41111111111111115,0.4444444444444444,de,4.5
lhe,lhe,ORG,-0.26296296296296295,0.0,de,4.5
Bund,Bund,ORG,-0.13333333333333336,0.0,de,4.5
Agentur für Gesundheit und Ernährungssicherheit,Agentur für Gesundheit und Ernährungssicherheit,ORG,0.45454545454545453,0.0,de,4.4
Tour de France,Tour de France,ORG,-0.4545454545454546,0.2272727272727273,de,4.3999999999999995
ÖVP,ÖVP,ORG,0.2897727272727273,0.0,de,4.3999999999999995
lrs,lrs,ORG,0.28488372093023245,0.13565891472868213,de,4.300000000000001
CO₂-Neutralität,CO₂-Neutralität,ORG,0.0,0.0,de,4.3
COP,COP,ORG,0.0,0.0,de,4.2
WWF,WWF,ORG,-0.1794871794871795,0.0,de,3.9
EU-Spitze,EU-Spitze,ORG,-0.3783783783783784,0.0,de,3.6999999999999997
Green Visions Potsdam,Green Visions Potsdam,ORG,0.0,0.0,de,3.6999999999999997
GEO,GEO,ORG,0.8513513513513514,0.0,de,3.6999999999999997
US-Umweltbehörde,US-Umweltbehörde,ORG,0.0,0.0,de,3.6999999999999997
Bundes für Infrastruktur und Klimaneutralität,Bundes für Infrastruktur und Klimaneutralität,ORG,0.5675675675675675,0.0,de,3.6999999999999997
Sunshine Guilt,Sunshine Guilt,ORG,0.5405405405405406,0.0,de,3.6999999999999997
WM-Achtelfinale,WM-Achtelfinale,ORG,0.5675675675675675,0.0,de,3.6999999999999997
Cookies,Cookies,ORG,0.7567567567567568,0.0,de,3.6999999999999997
Weltgesundheitsorganisation,Weltgesundheitsorganisation,ORG,-0.1891891891891892,0.0,de,3.6999999999999997
Klimaschutzprogramm,Klimaschutzprogramm,ORG,0.0810810810810811,0.0,de,3.6999999999999997
BMW,BMW,ORG,-0.4594594594594595,0.2702702702702703,de,3.6999999999999997
Sozialdemokraten,Sozialdemokraten,ORG,0.0,0.0,de,3.6999999999999997
un…,un…,ORG,0.0,0.2702702702702703,de,3.6999999999999997
Tempo,Tempo,ORG,0.0,0.0,de,3.6999999999999997
Shutterstock.com,Shutterstock.com,ORG,-0.4722222222222222,0.0,de,3.6
Bundesamt für Bevölkerungsschutz und Katastrophenhilfe,Bundesamt für Bevölkerungsschutz und Katastrophenhilfe,ORG,-0.38888888888888884,0.41666666666666663,de,3.6
EU-Klimadienstes,EU-Klimadienstes,ORG,0.0,0.0,de,3.6
dpa,dpa,ORG,0.0,0.0,de,3.5999999999999996
Spektrum.de,Spektrum.de,ORG,0.0,0.0,de,3.5999999999999996
D…,D…,ORG,0.0,0.0,de,3.5999999999999996
AGES,AGES,ORG,0.2857142857142857,0.0,de,3.5
Hitze-Liveblog,Hitze-Liveblog,ORG,0.0,0.0,de,3.5
S…,S…,ORG,0.0,0.0,de,3.5
K…,K…,ORG,0.5999999999999999,0.0,de,3.5
Deutsche Umwelthilfe,Deutsche Umwelthilfe,ORG,-0.19999999999999998,0.0,de,3.5
Deutschen Umwelthilfe,Deutschen Umwelthilfe,ORG,-0.058823529411764684,0.14705882352941174,de,3.4000000000000004
Ironman-EM,Ironman-EM,ORG,0.41176470588235287,0.0,de,3.4000000000000004
UNO,UNO,ORG,-0.5196078431372548,0.2941176470588235,de,3.4000000000000004
UN-Umweltprogramm,UN-Umweltprogramm,ORG,0.11666666666666665,0.5,de,3.0
Vereinten Nationen,Vereinten Nationen,ORG,-0.022988505747126433,0.1724137931034483,de,2.9
GASTKOMMENTAR,GASTKOMMENTAR,ORG,0.4821428571428572,0.0,de,2.8
Europäische Union,Europäische Union,ORG,-0.35714285714285715,0.35714285714285715,de,2.8
DFB-Sportdirektor Klopp,DFB-Sportdirektor Klopp,ORG,0.0,0.0,de,2.8
UN-Flüchtlingshilfswerk,UN-Flüchtlingshilfswerk,ORG,-0.6607142857142858,0.0,de,2.8
Klimawand…,Klimawand…,ORG,0.0,0.7142857142857143,de,2.8
Mercedes,Mercedes,ORG,-0.35714285714285715,0.17857142857142858,de,2.8
Deutschen Wetterdienstes…,Deutschen Wetterdienstes…,ORG,0.5,0.0,de,2.8
WWA,WWA,ORG,-0.5,0.0,de,2.8
wi…,wi…,ORG,0.0,0.0,de,2.8
Microsoft,Microsoft,ORG,0.0,0.0,de,2.8
DREO,DREO,ORG,0.5,0.0,de,2.8
Tempe…,Tempe…,ORG,0.25,0.0,de,2.8
Kanzler Deutschland,Kanzler Deutschland,ORG,0.8690476190476192,0.0,de,2.8
Deutsche Bauernverband,Deutsche Bauernverband,ORG,0.0,0.0,de,2.8
Sa…,Sa…,ORG,-0.9642857142857144,0.0,de,2.8
DHL,DHL,ORG,0.0,0.0,de,2.8
ungül…,ungül…,ORG,0.0,0.0,de,2.8
Phoenix,Phoenix,ORG,0.125,0.0,de,2.8
ÖBB,ÖBB,ORG,0.0,0.0,de,2.8
Bund Programme,Bund Programme,ORG,-0.08333333333333333,0.0,de,2.8
Deutschen Wet…,Deutschen Wet…,ORG,0.7499999999999999,0.0,de,2.8
Schwarz-Rot,Schwarz-Rot,ORG,0.25,0.0,de,2.8
Kehrtwende,Kehrtwende,ORG,-1.0714285714285714,0.0,de,2.8
PFAS,PFAS,ORG,-0.4821428571428572,0.17857142857142858,de,2.8
Partei,Partei,ORG,0.25925925925925924,0.0,de,2.7
Landwir…,Landwir…,ORG,-0.6296296296296295,0.0,de,2.7
CO-Emissionen,CO-Emissionen,ORG,0.0,0.0,de,2.7
d…,d…,ORG,0.0,0.0,de,2.7
SPÖ,SPÖ,ORG,0.25925925925925924,0.0,de,2.7
UV-Strahlung,UV-Strahlung,ORG,0.37037037037037035,0.0,de,2.7
Fraktionschefin der Grünen,Fraktionschefin der Grünen,ORG,-1.111111111111111,0.0,de,2.7
Verkehrsclub Deutschland,Verkehrsclub Deutschland,ORG,-0.2692307692307692,0.0,de,2.6
britische Guardian,britische Guardian,ORG,0.0,0.0,de,2.6
Uniklinikum Cottbus,Uniklinikum Cottbus,ORG,0.0,0.0,de,2.6
DRK,DRK,ORG,0.0,0.0,de,2.6
DUH,DUH,ORG,0.1923076923076923,0.0,de,2.6
NEOS,NEOS,ORG,0.0,0.3846153846153846,de,2.6
Weltwetterorganisation WMO,Weltwetterorganisation WMO,ORG,0.2692307692307692,0.0,de,2.6
deutschen Regierung,deutschen Regierung,ORG,0.0,0.0,de,2.3
FIFA,FIFA,ORG,-0.23809523809523808,0.0,de,2.1
EU-Staaten,EU-Staaten,ORG,-0.47619047619047616,0.0,de,2.1
Robert-Koch-Instituts,Robert-Koch-Instituts,ORG,-0.35,0.0,de,2.0
Inger Andersen,Inger Andersen,ORG,0.0,0.0,de,2.0
UNEP,UNEP,ORG,0.0,0.0,de,2.0
Landwirtschaftsministerium in Paris,Landwirtschaftsministerium in Paris,ORG,0.0,0.0,de,2.0
System Verkehr,System Verkehr,ORG,-1.4,0.0,de,2.0
US-Organisation,US-Organisation,ORG,-0.19298245614035087,0.0,de,1.9
Photoshot,Photoshot,ORG,0.3684210526315789,0.0,de,1.9
Sparkasse Oberhessen,Sparkasse Oberhessen,ORG,0.0,0.0,de,1.9
Minister Goldschmidt,Minister Goldschmidt,ORG,0.0,0.0,de,1.9
Chancen für Privatanleger,Chancen für Privatanleger,ORG,0.0,0.0,de,1.9
EU-Dienst,EU-Dienst,ORG,0.0,0.0,de,1.9
Bündnis 90/Die Grünen,Bündnis 90/Die Grünen,ORG,-1.0526315789473684,0.0,de,1.9
Potsdamer,Potsdamer,ORG,0.5263157894736842,0.0,de,1.9
Fischereiamt,Fischereiamt,ORG,-0.3508771929824562,0.0,de,1.9
UN-Experten,UN-Experten,ORG,-0.43859649122807015,0.0,de,1.9
Bertha-von-Suttner-Gymnasium,Bertha-von-Suttner-Gymnasium,ORG,0.5263157894736842,0.0,de,1.9
BÜNDNIS,BÜNDNIS,ORG,0.3684210526315789,0.0,de,1.9
aktue…,aktue…,ORG,0.0,0.0,de,1.9
IBA,IBA,ORG,0.0,0.0,de,1.9
Arabica,Arabica,ORG,0.0,0.0,de,1.9
FC Internationale,FC Internationale,ORG,0.0,0.0,de,1.9
Deutsche Wet…,Deutsche Wet…,ORG,0.3684210526315789,0.0,de,1.9
ni…,ni…,ORG,-0.3684210526315789,0.0,de,1.9
TU München,TU München,ORG,0.7368421052631579,0.0,de,1.9
Weltnaturschutzunion,Weltnaturschutzunion,ORG,0.0,0.0,de,1.9
Hi…,Hi…,ORG,0.0,0.0,de,1.9
Wien,Wien,ORG,0.0,0.0,de,1.9
Aemet,Aemet,ORG,0.0,0.0,de,1.9
BUND,BUND,ORG,0.0,0.0,de,1.9
Hamburg Harley Days,Hamburg Harley Days,ORG,0.0,0.0,de,1.9
UKB,UKB,ORG,0.0,0.5263157894736842,de,1.9
lan…,lan…,ORG,0.0,0.0,de,1.9
Hess…,Hess…,ORG,0.0,0.0,de,1.9
H…,H…,ORG,0.0,0.0,de,1.9
Deutsche Wetterd…,Deutsche Wetterd…,ORG,0.0,0.0,de,1.9
FDP,FDP,ORG,0.0,0.0,de,1.9
Robert-Koch-Institut,Robert-Koch-Institut,ORG,0.0,0.0,de,1.9
US-Unabhängigkeitstag,US-Unabhängigkeitstag,ORG,0.0,0.0,de,1.9
Schrank,Schrank,ORG,0.0,0.0,de,1.9
Bund Naturschutz,Bund Naturschutz,ORG,-0.41578947368421054,0.0,de,1.9
Weizenland Hessen,Weizenland Hessen,ORG,0.0,0.0,de,1.9
AEMET,AEMET,ORG,-0.3684210526315789,0.5263157894736842,de,1.9
CG,CG,ORG,0.7368421052631579,0.0,de,1.9
Europa +++,Europa +++,ORG,-0.3684210526315789,0.0,de,1.9
CO2-Bepreisung,CO2-Bepreisung,ORG,0.0,0.0,de,1.9
FU,FU,ORG,0.7368421052631579,0.0,de,1.9
ESA,ESA,ORG,0.0,0.0,de,1.9
Mittwoch +++ Überfall,Mittwoch +++ Überfall,ORG,0.0,0.0,de,1.9
Rüsselsheim +++ Mann,Rüsselsheim +++ Mann,ORG,0.0,0.0,de,1.9
Melsungen +++ Geldautomat,Melsungen +++ Geldautomat,ORG,0.0,0.0,de,1.9
Deutsche Wetterdi…,Deutsche Wetterdi…,ORG,0.0,0.0,de,1.9
Deutsche Städtetag,Deutsche Städtetag,ORG,0.0,0.0,de,1.9
Deutschen Alpenvereins,Deutschen Alpenvereins,ORG,-0.5263157894736842,0.0,de,1.9
DAV,DAV,ORG,-0.5263157894736842,0.0,de,1.9
GOG,GOG,ORG,-0.5263157894736842,0.0,de,1.9
Belastungsprobe,Belastungsprobe,ORG,0.0,0.0,de,1.9
Koalitionspartner Union,Koalitionspartner Union,ORG,0.0,0.0,de,1.9
DWD-Experte,DWD-Experte,ORG,0.0,0.5263157894736842,de,1.9
Mittelmeermetropole Barcelona,Mittelmeermetropole Barcelona,ORG,0.0,0.5263157894736842,de,1.9
ntv.de,ntv.de,ORG,0.5263157894736842,0.0,de,1.9
Universität Manchester,Universität Manchester,ORG,0.7368421052631579,0.0,de,1.9
Kreditversicherers Allianz Trade,Kreditversicherers Allianz Trade,ORG,-0.7894736842105263,0.0,de,1.9
Sommerhitze,Sommerhitze,ORG,0.0,0.0,de,1.9
mi…,mi…,ORG,0.0,0.0,de,1.9
KFV,KFV,ORG,0.0,0.0,de,1.9
München,München,ORG,0.0,0.0,de,1.9
Kommission,Kommission,ORG,0.5263157894736842,0.0,de,1.9
BNP Paribas,BNP Paribas,ORG,0.0,0.0,de,1.9
Land­wir­t*in­nen,Land­wir­t*in­nen,ORG,0.7368421052631579,0.0,de,1.9
AUVA,AUVA,ORG,0.0,0.0,de,1.9
gro…,gro…,ORG,0.15789473684210528,0.0,de,1.9
we…,we…,ORG,0.0,0.0,de,1.9
Beirat,Beirat,ORG,0.3684210526315789,0.0,de,1.9
Verzög…,Verzög…,ORG,-1.0526315789473684,0.0,de,1.9
Staatssekretär für Umwelt und Klimaschutz,Staatssekretär für Umwelt und Klimaschutz,ORG,0.0,0.0,de,1.9
Deutschen Bundestages,Deutschen Bundestages,ORG,0.5263157894736842,0.2631578947368421,de,1.9
BER,BER,ORG,-0.4473684210526316,0.0,de,1.9
Berliner Wasserbetriebe,Berliner Wasserbetriebe,ORG,0.2631578947368421,0.0,de,1.9
Deutsche Forstverein,Deutsche Forstverein,ORG,-0.3684210526315789,0.0,de,1.9
Hamburger Nabu,Hamburger Nabu,ORG,1.0526315789473684,0.0,de,1.9
UN-Klimasekretariats,UN-Klimasekretariats,ORG,-0.3684210526315789,0.0,de,1.9
Internationale Luft- und Raumfahrtausstellung,Internationale Luft- und Raumfahrtausstellung,ORG,0.0,0.0,de,1.9
künf…,künf…,ORG,0.0,0.0,de,1.9
Umweltministerium Sachsen-Anhalt,Umweltministerium Sachsen-Anhalt,ORG,0.7368421052631579,0.0,de,1.9
Hitzewelle,Hitzewelle,ORG,-0.17543859649122806,0.0,de,1.9
Somme…,Somme…,ORG,0.0,0.0,de,1.9
Shanghai Electric,Shanghai Electric,ORG,0.0,0.0,de,1.9
Shanghai International Carbon Neutrality Expo,Shanghai International Carbon Neutrality Expo,ORG,0.0,0.0,de,1.9
Erfurts Gassen,Erfurts Gassen,ORG,-0.3684210526315789,0.0,de,1.9
TU Dresden,TU Dresden,ORG,-0.3684210526315789,0.0,de,1.9
Son…,Son…,ORG,0.0,0.0,de,1.9
ho…,ho…,ORG,0.0,0.0,de,1.9
A…,A…,ORG,0.0,0.0,de,1.9
Brandstifter,Brandstifter,ORG,0.0,0.0,de,1.9
Gewerkschaft,Gewerkschaft,ORG,0.3684210526315789,0.0,de,1.9
BASF,BASF,ORG,0.0,0.0,de,1.9
Emissionen,Emissionen,ORG,-0.3684210526315789,0.0,de,1.9
Evangelische Kirche,Evangelische Kirche,ORG,0.0,0.0,de,1.9
Brand,Brand,ORG,0.0,0.0,de,1.9
Bundespolizei,Bundespolizei,ORG,0.3684210526315789,0.0,de,1.9
Red Bull,Red Bull,ORG,0.0,0.0,de,1.9
Bayern…,Bayern…,ORG,0.0,0.0,de,1.9
Meeresgrund,Meeresgrund,ORG,0.7368421052631579,0.0,de,1.9
Informationsdienst Aldis/Blids,Informationsdienst Aldis/Blids,ORG,-0.18421052631578946,0.5263157894736842,de,1.9
MV,MV,ORG,0.0,0.0,de,1.9
Klima-NGO,Klima-NGO,ORG,0.0,0.0,de,1.9
V…,V…,ORG,-0.07894736842105264,0.0,de,1.9
Deutschen Wetterdiensts,Deutschen Wetterdiensts,ORG,0.0,0.0,de,1.9
Hochschule Geisenheim,Hochschule Geisenheim,ORG,0.0,0.0,de,1.9
vie…,vie…,ORG,0.0,0.0,de,1.9
Kli…,Kli…,ORG,0.0,0.0,de,1.9
REUTERS,REUTERS,ORG,0.0,0.5263157894736842,de,1.9
UN,UN,ORG,-0.17543859649122806,0.3508771929824561,de,1.9
Deutschland…,Deutschland…,ORG,0.0,0.0,de,1.9
Covid-Pandemie,Covid-Pandemie,ORG,-0.25925925925925924,0.37037037037037035,de,1.8
US-Unabhängigkeit,US-Unabhängigkeit,ORG,-1.1111111111111112,0.0,de,1.8
FALSCH!,FALSCH!,ORG,-0.5555555555555556,0.0,de,1.8
britis…,britis…,ORG,0.0,0.0,de,1.8
EU Fortschritte,EU Fortschritte,ORG,0.0,0.0,de,1.8
Wetteramt,Wetteramt,ORG,-0.38888888888888884,0.0,de,1.8
Trump,Trump,ORG,0.0,0.0,de,1.8
CHROMORANGE,CHROMORANGE,ORG,0.5555555555555556,0.0,de,1.8
Reichstagsgebäudes,Reichstagsgebäudes,ORG,0.0,0.5555555555555556,de,1.8
Deutsche Bundestag,Deutsche Bundestag,ORG,0.0,0.0,de,1.8
"Weichei""-Zeiten","Weichei""-Zeiten",ORG,-1.1111111111111112,0.0,de,1.8
si…,si…,ORG,0.25925925925925924,0.18518518518518517,de,1.8
Kommende Woche,Kommende Woche,ORG,0.0,0.0,de,1.8
BRK,BRK,ORG,0.0,0.0,de,1.8
Die Linke,Die Linke,ORG,0.0,0.0,de,1.8
Caritas,Caritas,ORG,-0.5555555555555556,0.0,de,1.8
Social Media,Social Media,ORG,0.5555555555555556,0.0,de,1.8
NRW-Landesverwaltung,NRW-Landesverwaltung,ORG,0.0,0.0,de,1.8
SIPA,SIPA,ORG,0.38888888888888884,0.0,de,1.8
EU-Klimaziel,EU-Klimaziel,ORG,0.0,0.0,de,1.7
FormationQ,FormationQ,ORG,1.3124999999999998,0.0,de,1.6
Klimaziele,Klimaziele,ORG,-0.625,0.0,de,1.6
Chemie- und Stahlmanager,Chemie- und Stahlmanager,ORG,-1.25,0.0,de,1.6
Mobilität spric…,Mobilität spric…,ORG,-1.0,0.0,de,1.4
Umweltministerium,Umweltministerium,ORG,-0.2692307692307692,0.0,de,1.3
Verstoß,Verstoß,ORG,0.0,0.0,de,1.3
EU-Umweltminister,EU-Umweltminister,ORG,0.0,0.0,de,1.3
KURZMELDUNGEN,KURZMELDUNGEN,ORG,-0.5833333333333334,0.0,de,1.2
Bund für Klimaschutz - Merz,Bund für Klimaschutz - Merz,ORG,0.0,0.0,de,1.1
FSME,FSME,ORG,0.0,0.0,de,1.1
NZZ,NZZ,ORG,0.0,0.0,de,1.1
EU-Klimawandeldienst,EU-Klimawandeldienst,ORG,1.0,0.0,de,1.0
abaca,abaca,ORG,0.0,0.0,de,1.0
Hessischen Städte- und Gemeindebundes,Hessischen Städte- und Gemeindebundes,ORG,0.0,0.0,de,1.0
ÖGB,ÖGB,ORG,0.0,0.0,de,1.0
Tiroler Gewerkschaftsbund,Tiroler Gewerkschaftsbund,ORG,0.0,0.0,de,1.0
"Bundesanstalt für Landwirtschaft und Ernährung
","Bundesanstalt für Landwirtschaft und Ernährung
",ORG,0.0,0.0,de,1.0
Universität Stanford,Universität Stanford,ORG,0.0,0.0,de,1.0
Rettu…,Rettu…,ORG,0.0,0.0,de,1.0
derzei…,derzei…,ORG,0.0,0.0,de,1.0
ÖGB Tirol,ÖGB Tirol,ORG,0.0,0.0,de,1.0
KUHle,KUHle,ORG,0.0,0.0,de,1.0
Land,Land,ORG,0.0,0.0,de,1.0
GeoSphere Austria ausgeg…,GeoSphere Austria ausgeg…,ORG,1.0,0.0,de,1.0
Wind!,Wind!,ORG,0.0,0.0,de,1.0
Verdauun…,Verdauun…,ORG,0.0,0.0,de,1.0
EU-Ebene,EU-Ebene,ORG,0.0,0.0,de,1.0
EU-Klimaziele,EU-Klimaziele,ORG,0.0,0.0,de,1.0
Deutsche Lebens-Rettungs-Gesellschaft,Deutsche Lebens-Rettungs-Gesellschaft,ORG,0.0,0.0,de,1.0
Bayerischen Roten Kreuzes,Bayerischen Roten Kreuzes,ORG,0.0,0.0,de,1.0
Deutschlands Kühl-Paradox,Deutschlands Kühl-Paradox,ORG,0.0,0.0,de,1.0
Einschlags,Einschlags,ORG,0.0,0.0,de,1.0
Berliner Bäder-Betriebe,Berliner Bäder-Betriebe,ORG,0.0,0.0,de,1.0
Sper…,Sper…,ORG,0.0,0.0,de,1.0
Belast…,Belast…,ORG,0.0,0.0,de,1.0
di…,di…,ORG,0.0,0.0,de,1.0
FlammenWaldbrand,FlammenWaldbrand,ORG,-1.0,0.0,de,1.0
Bund tue,Bund tue,ORG,0.0,0.0,de,1.0
Bundesumwel…,Bundesumwel…,ORG,0.0,0.0,de,1.0
Berlins Jugend,Berlins Jugend,ORG,0.0,0.0,de,1.0
Mobilitätsp…,Mobilitätsp…,ORG,0.0,0.0,de,1.0
Klimaanla…,Klimaanla…,ORG,0.1625,0.0,de,1.0
klimatisi…,klimatisi…,ORG,0.0,0.0,de,1.0
Solars…,Solars…,ORG,0.0,0.0,de,1.0
EU-Klimaprogramms Copernicus,EU-Klimaprogramms Copernicus,ORG,0.0,0.0,de,1.0
BLE,BLE,ORG,0.0,0.0,de,1.0
Grieche…,Grieche…,ORG,0.0,0.0,de,1.0
Landesbauernverband,Landesbauernverband,ORG,0.0,0.0,de,1.0
AP Photo/Nathan Howard,AP Photo/Nathan Howard,ORG,0.0,0.0,de,1.0
Conferenze of the Partie…,Conferenze of the Partie…,ORG,0.0,0.0,de,1.0
Paraguay,Paraguay,ORG,0.0,0.0,de,1.0
Welt,Welt,ORG,0.0,0.0,de,1.0
On Water,On Water,ORG,0.0,0.0,de,1.0
Tour,Tour,ORG,0.35,0.0,de,1.0
Geschichtsbüche…,Geschichtsbüche…,ORG,0.0,0.0,de,1.0
Chaos,Chaos,ORG,0.0,0.0,de,1.0
durchzusc…,durchzusc…,ORG,0.0,0.0,de,1.0
z…,z…,ORG,0.0,0.0,de,1.0
UN-Organisation,UN-Organisation,ORG,-0.35,0.0,de,1.0
FAZ,FAZ,ORG,0.0,0.0,de,1.0
KULTURRUNDSCHAU,KULTURRUNDSCHAU,ORG,0.0,0.0,de,1.0
+++Telefonat,+++Telefonat,ORG,0.0,0.0,de,1.0
EFEU,EFEU,ORG,0.0,0.0,de,1.0
Freitag,Freitag,ORG,0.0,0.0,de,1.0
Staatsanwaltscha…,Staatsanwaltscha…,ORG,0.0,0.0,de,1.0
Hormone,Hormone,ORG,0.0,0.0,de,1.0
Pauschalurlaub,Pauschalurlaub,ORG,0.85,0.0,de,1.0
Küste Deutschlands …,Küste Deutschlands …,ORG,0.0,0.0,de,1.0
Bundesbank,Bundesbank,ORG,-1.0,0.0,de,1.0
Hause,Hause,ORG,0.0,0.0,de,1.0
UN-Organisation für Meteorologie,UN-Organisation für Meteorologie,ORG,-0.35,0.0,de,1.0
Baumfäll-Moratorium,Baumfäll-Moratorium,ORG,0.0,0.0,de,1.0
EU-Ländern,EU-Ländern,ORG,-0.35,0.0,de,1.0
Berliner Grünen,Berliner Grünen,ORG,0.0,0.0,de,1.0
Bundesanstalt für Landwi…,Bundesanstalt für Landwi…,ORG,0.0,0.0,de,1.0
Finger weg!,Finger weg!,ORG,0.0,0.0,de,1.0
SPD-Oppositionsführer,SPD-Oppositionsführer,ORG,0.0,0.0,de,1.0
Regierung Tatenlosigkeit,Regierung Tatenlosigkeit,ORG,0.0,0.0,de,1.0
sä…,sä…,ORG,0.0,0.0,de,1.0
Le-Pen-Partei,Le-Pen-Partei,ORG,0.0,0.0,de,1.0
Bread-and-butter-Issues,Bread-and-butter-Issues,ORG,0.0,0.0,de,1.0
Hagel +++ Hitze,Hagel +++ Hitze,ORG,-0.7,0.0,de,1.0
Copernicus-Mee…,Copernicus-Mee…,ORG,0.0,0.0,de,1.0
gena…,gena…,ORG,0.0,0.0,de,1.0
UN-Wetterorganisation,UN-Wetterorganisation,ORG,0.0,0.0,de,1.0
Eu…,Eu…,ORG,0.0,0.0,de,1.0
Kontinents spektakulä…,Kontinents spektakulä…,ORG,0.0,0.0,de,1.0
SvenSimon,SvenSimon,ORG,0.0,0.0,de,1.0
Festivalsommer,Festivalsommer,ORG,-1.0,0.0,de,1.0
Outbreak Festival,Outbreak Festival,ORG,0.7,0.0,de,1.0
"Temperaturrekorde
","Temperaturrekorde
",ORG,0.0,0.0,de,1.0
Solvay-Werk,Solvay-Werk,ORG,0.0,0.0,de,1.0
Conferenze of the Parties“,Conferenze of the Parties“,ORG,0.0,0.0,de,1.0
Vorsicht!,Vorsicht!,ORG,0.0,0.0,de,1.0
Unterhaltung & Hobby,Unterhaltung & Hobby,ORG,0.7,0.0,de,1.0
Jahreshoch +++,Jahreshoch +++,ORG,-0.7,0.0,de,1.0
Johannes-Evangelium,Johannes-Evangelium,ORG,0.0,0.0,de,1.0
Deutsche Wetterdie…,Deutsche Wetterdie…,ORG,0.7,0.0,de,1.0
Temperatur-Rekord +++,Temperatur-Rekord +++,ORG,0.0,0.0,de,1.0
Unfallgefa…,Unfallgefa…,ORG,0.7,0.0,de,1.0
Höch…,Höch…,ORG,0.0,0.0,de,1.0
EU Mitte,EU Mitte,ORG,0.7,0.0,de,1.0
Barcelona,Barcelona,ORG,0.0,0.0,de,1.0
Deutschen Architekturmuseums,Deutschen Architekturmuseums,ORG,0.7,0.0,de,1.0
Mittagsglut,Mittagsglut,ORG,0.5,0.0,de,1.0
Mecklenburg-Vorpommern,Mecklenburg-Vorpommern,ORG,-0.35,0.0,de,1.0
be…,be…,ORG,0.0,0.0,de,1.0
+++ Hitzewelle,+++ Hitzewelle,ORG,0.0,0.0,de,1.0
ver…,ver…,ORG,0.0,0.0,de,1.0
Landessportbund Mecklenburg-Vorpommern,Landessportbund Mecklenburg-Vorpommern,ORG,0.0,0.0,de,1.0
Anti-Klimaschutz-Präsident,Anti-Klimaschutz-Präsident,ORG,0.0,0.0,de,1.0
Europäische Gewerkschaftsbund,Europäische Gewerkschaftsbund,ORG,0.0,0.0,de,1.0
Fu…,Fu…,ORG,0.0,0.0,de,1.0
Gewerkschaft der Polizei,Gewerkschaft der Polizei,ORG,0.0,0.0,de,1.0
GdP,GdP,ORG,0.0,0.0,de,1.0
Bund für Umwelt und Naturschutz,Bund für Umwelt und Naturschutz,ORG,0.0,0.0,de,1.0
Nationalmannschaft,Nationalmannschaft,ORG,0.0,0.0,de,1.0
Parlament,Parlament,ORG,1.0,0.0,de,1.0
Freie Wä…,Freie Wä…,ORG,1.0,0.0,de,1.0
Gewerbepark-Wildwuchs,Gewerbepark-Wildwuchs,ORG,0.0,0.0,de,1.0
ak…,ak…,ORG,0.0,0.0,de,1.0
Poli…,Poli…,ORG,0.7,0.0,de,1.0
Aufzeichnungsbeginn +++,Aufzeichnungsbeginn +++,ORG,-0.7,0.0,de,1.0
Hitze-Hotline +++ Hitzerekord,Hitze-Hotline +++ Hitzerekord,ORG,-0.07500000000000001,0.0,de,1.0
Wetterbe…,Wetterbe…,ORG,0.0,0.0,de,1.0
Pressespr…,Pressespr…,ORG,0.0,0.0,de,1.0
Rote Kreuz,Rote Kreuz,ORG,-0.7,0.0,de,1.0
PA Images,PA Images,ORG,-1.0,0.0,de,1.0
Kieler Woche – Stadt,Kieler Woche – Stadt,ORG,-0.7,0.0,de,1.0
Hitzewe…,Hitzewe…,ORG,0.0,0.0,de,1.0
Tipps …,Tipps …,ORG,0.0,0.0,de,1.0
Energie & Klima,Energie & Klima,ORG,0.7,0.0,de,1.0
WM-Teams,WM-Teams,ORG,0.0,0.0,de,1.0
Orange…,Orange…,ORG,-0.35,0.0,de,1.0
Smartphones …,Smartphones …,ORG,0.0,0.0,de,1.0
WBI,WBI,ORG,0.0,0.0,de,1.0
Temperatur-Rekord +,Temperatur-Rekord +,ORG,-0.7,0.0,de,1.0
Deutschen Wetterdienstes he…,Deutschen Wetterdienstes he…,ORG,0.0,0.0,de,1.0
Tagesmittel +++,Tagesmittel +++,ORG,0.0,0.0,de,1.0
aufgeforde…,aufgeforde…,ORG,0.0,0.0,de,1.0
Pro Potsdam,Pro Potsdam,ORG,0.0,0.0,de,1.0
Aufzeichnungen +++ Abiturprüfungen,Aufzeichnungen +++ Abiturprüfungen,ORG,-0.7,0.0,de,1.0
Bundesgartenschau,Bundesgartenschau,ORG,0.0,0.0,de,1.0
Rekord-Hitze…,Rekord-Hitze…,ORG,0.0,0.0,de,1.0
Zweckverba…,Zweckverba…,ORG,0.0,0.0,de,1.0
Kuhstall,Kuhstall,ORG,0.7,0.0,de,1.0
Naturschutzbundes Nabu,Naturschutzbundes Nabu,ORG,0.0,0.0,de,1.0
Temperatur +++ Krankenkasse,Temperatur +++ Krankenkasse,ORG,-0.07500000000000001,0.0,de,1.0
Donnerstag tra,Donnerstag tra,ORG,0.0,0.0,de,1.0
Klimafo…,Klimafo…,ORG,0.0,0.0,de,1.0
KGMV,KGMV,ORG,0.0,0.0,de,1.0
Formel 1-Rennen,Formel 1-Rennen,ORG,-1.0,0.0,de,1.0
Aufgr…,Aufgr…,ORG,0.0,0.0,de,1.0
Gesundheitsinstitut…,Gesundheitsinstitut…,ORG,0.0,0.0,de,1.0
Aktion Cooles Linz,Aktion Cooles Linz,ORG,0.7,0.0,de,1.0
Laptop,Laptop,ORG,0.0,0.0,de,1.0
wä…,wä…,ORG,0.0,0.0,de,1.0
Wetterdi…,Wetterdi…,ORG,-0.7,0.0,de,1.0
The Independent,The Independent,ORG,0.0,0.0,de,1.0
Northumbria University,Northumbria University,ORG,1.0,0.0,de,1.0
W…,W…,ORG,0.0,0.0,de,1.0
Abhilfe ge…,Abhilfe ge…,ORG,0.0,0.0,de,1.0
Wind-Energiewirtschaft,Wind-Energiewirtschaft,ORG,0.0,0.0,de,1.0
Deutschen Bundesbank,Deutschen Bundesbank,ORG,0.0,0.0,de,1.0
Spitzenwert…,Spitzenwert…,ORG,0.0,0.0,de,1.0
GameStar Tech,GameStar Tech,ORG,0.0,0.0,de,1.0
CSD,CSD,ORG,0.0,0.0,de,1.0
Bahnbetreiber National Express,Bahnbetreiber National Express,ORG,0.0,0.0,de,1.0
Tempera…,Tempera…,ORG,0.0,0.0,de,1.0
fernhalt…,fernhalt…,ORG,0.7,0.0,de,1.0
Messstation,Messstation,ORG,0.0,0.0,de,1.0
Nor…,Nor…,ORG,1.0,0.0,de,1.0
Jahreshoch,Jahreshoch,ORG,0.0,0.0,de,1.0
Hitze-Hoch,Hitze-Hoch,ORG,-0.35,0.0,de,1.0
GEVI,GEVI,ORG,0.0,0.0,de,1.0
Deutschen Umwe…,Deutschen Umwe…,ORG,0.0,0.0,de,1.0
ZLB,ZLB,ORG,0.0,0.0,de,1.0
Bayerische Rote Kreuz,Bayerische Rote Kreuz,ORG,0.0,0.0,de,1.0
Halleschen FC,Halleschen FC,ORG,0.0,0.0,de,1.0
Rheinland-Pfalz  +++  ,Rheinland-Pfalz  +++  ,ORG,0.0,0.0,de,1.0
Live…,Live…,ORG,0.0,0.0,de,1.0
Hitze Sport,Hitze Sport,ORG,0.0,0.0,de,1.0
M.i,M.i,ORG,0.0,0.0,de,1.0
best…,best…,ORG,0.0,0.0,de,1.0
zwe…,zwe…,ORG,0.0,0.0,de,1.0
Deutschen Wetterdi…,Deutschen Wetterdi…,ORG,0.0,0.0,de,1.0
ZDF-Meteorologe Özden Terli,ZDF-Meteorologe Özden Terli,ORG,0.0,0.0,de,1.0
Amerika-Gedenkbibliothek,Amerika-Gedenkbibliothek,ORG,0.0,0.0,de,1.0
picturede…,picturede…,ORG,0.0,0.0,de,1.0
Amerika-Gedenkbibliothek am Wochenende,Amerika-Gedenkbibliothek am Wochenende,ORG,-1.0,0.0,de,1.0
Bundesamt für Bevölkerungsschu…,Bundesamt für Bevölkerungsschu…,ORG,0.0,0.0,de,1.0
zweife…,zweife…,ORG,0.0,0.0,de,1.0
Uniklini…,Uniklini…,ORG,0.0,0.0,de,1.0
Minister über Deutsche Bahn,Minister über Deutsche Bahn,ORG,0.7,0.0,de,1.0
DW…,DW…,ORG,0.0,0.0,de,1.0
Klimakrise,Klimakrise,ORG,0.0,0.0,de,1.0
Landeshaupt…,Landeshaupt…,ORG,0.0,0.0,de,1.0
MAX HERBST,MAX HERBST,ORG,0.0,0.0,de,1.0
APA,APA,ORG,0.0,0.0,de,1.0
dts-Agentur,dts-Agentur,ORG,-1.0,0.0,de,1.0
CO₂-Abgaben,CO₂-Abgaben,ORG,1.0,0.0,de,1.0
Grüne Mitte,Grüne Mitte,ORG,0.0,0.0,de,1.0
Wasser …,Wasser …,ORG,0.0,0.0,de,1.0
Rekorde,Rekorde,ORG,0.0,0.0,de,1.0
niederländischen University of Groningen,niederländischen University of Groningen,ORG,0.0,0.0,de,1.0
Anadolu,Anadolu,ORG,0.7,0.0,de,1.0
Aeme…,Aeme…,ORG,0.0,0.0,de,1.0
Österreichische Hagelversicherung,Österreichische Hagelversicherung,ORG,0.0,0.0,de,1.0
ORF Steiermark-Chefredakteur,ORF Steiermark-Chefredakteur,ORG,0.0,0.0,de,1.0
Agentur für…,Agentur für…,ORG,0.0,0.0,de,1.0
AKW Paks,AKW Paks,ORG,-1.0,0.0,de,1.0
GeoSphere Austria für morgen und übermorgen,GeoSphere Austria für morgen und übermorgen,ORG,0.0,0.0,de,1.0
Forschungsinstitut für Nutztierbiologie,Forschungsinstitut für Nutztierbiologie,ORG,0.0,0.0,de,1.0
FBN,FBN,ORG,0.0,0.0,de,1.0
Dienstagmittag,Dienstagmittag,ORG,0.0,0.0,de,1.0
deutschen Wirtschaft,deutschen Wirtschaft,ORG,-1.0,0.0,de,1.0
Mo…,Mo…,ORG,0.0,0.0,de,1.0
Deutsche …,Deutsche …,ORG,0.7,0.0,de,1.0
Rheinische Post,Rheinische Post,ORG,-0.7,0.0,de,1.0
deutsche Alpenverein,deutsche Alpenverein,ORG,0.0,0.0,de,1.0
PET-Flaschen,PET-Flaschen,ORG,0.0,0.0,de,1.0
Pressecl…,Pressecl…,ORG,0.0,0.0,de,1.0
Potsdams Linke-Fraktion,Potsdams Linke-Fraktion,ORG,0.0,0.0,de,1.0
SPD-Landtagsfraktion,SPD-Landtagsfraktion,ORG,0.25,0.0,de,1.0
Die Presse,Die Presse,ORG,0.0,0.0,de,1.0
Deutsche Alpenverein,Deutsche Alpenverein,ORG,-0.7,0.0,de,1.0
Bund und Länder,Bund und Länder,ORG,0.0,0.0,de,1.0
Wasse…,Wasse…,ORG,0.0,0.0,de,1.0
RKI sprich,RKI sprich,ORG,0.0,0.0,de,1.0
Erdüberlastungstags,Erdüberlastungstags,ORG,0.0,0.0,de,1.0
KI-Zentrum,KI-Zentrum,ORG,0.0,0.0,de,1.0
ROG Xbox Ally,ROG Xbox Ally,ORG,1.0,0.0,de,1.0
KP-Führung,KP-Führung,ORG,0.0,0.0,de,1.0
+++ Zwei queerfeindliche Angriffe,+++ Zwei queerfeindliche Angriffe,ORG,0.0,0.0,de,1.0
Frankfurt +++ Liveblog,Frankfurt +++ Liveblog,ORG,0.0,0.0,de,1.0
+++ …,+++ …,ORG,0.0,0.0,de,1.0
Butzbach +++ Frankfurter Ebola-Patient,Butzbach +++ Frankfurter Ebola-Patient,ORG,1.0,0.0,de,1.0
gesund +++ Hitzewarnung für Hessen,gesund +++ Hitzewarnung für Hessen,ORG,1.0,0.0,de,1.0
Mittwoch +++ Mann,Mittwoch +++ Mann,ORG,1.0,0.0,de,1.0
Melsungen +++ Liveblog,Melsungen +++ Liveblog,ORG,1.0,0.0,de,1.0
Rhein-Main,Rhein-Main,ORG,1.0,0.0,de,1.0
Hessen Gießen,Hessen Gießen,ORG,1.0,0.0,de,1.0
einstimmi…,einstimmi…,ORG,0.0,0.0,de,1.0
staatli…,staatli…,ORG,0.0,0.0,de,1.0
Kleins…,Kleins…,ORG,1.0,0.0,de,1.0
durchgefü…,durchgefü…,ORG,-0.7,0.0,de,1.0
Fr…,Fr…,ORG,0.0,0.0,de,1.0
Atomkraft,Atomkraft,ORG,0.0,0.0,de,1.0
besonde…,besonde…,ORG,0.0,0.0,de,1.0
zwiegespaltenIst,zwiegespaltenIst,ORG,0.7,0.0,de,1.0
picture …,picture …,ORG,0.0,0.0,de,1.0
DWD-Angaben,DWD-Angaben,ORG,0.0,0.0,de,1.0
Mona…,Mona…,ORG,0.0,0.0,de,1.0
Bund für Umwelt und Naturschutz Deutschland,Bund für Umwelt und Naturschutz Deutschland,ORG,0.0,0.0,de,1.0
Hitze …,Hitze …,ORG,0.0,0.0,de,1.0
Austrian Institute of Technology,Austrian Institute of Technology,ORG,0.0,0.0,de,1.0
Bundesminister der SPD,Bundesminister der SPD,ORG,0.0,0.0,de,1.0
Koalitionspartner CDU/CSU,Koalitionspartner CDU/CSU,ORG,0.0,0.0,de,1.0
Aktionsplan,Aktionsplan,ORG,0.0,0.0,de,1.0
Winzerver…,Winzerver…,ORG,0.0,0.0,de,1.0
Alpendörf…,Alpendörf…,ORG,-0.7,0.0,de,1.0
Badenova Netze,Badenova Netze,ORG,0.0,0.0,de,1.0
wär…,wär…,ORG,0.0,0.0,de,1.0
Champagners,Champagners,ORG,0.0,0.0,de,1.0
Branchenverband CIVC,Branchenverband CIVC,ORG,-0.7,0.0,de,1.0
Waldbrände & Co.,Waldbrände & Co.,ORG,0.0,0.0,de,1.0
BBK,BBK,ORG,0.0,0.0,de,1.0
picture alliance/dpa/XinHua,picture alliance/dpa/XinHua,ORG,-1.0,0.0,de,1.0
Agrarmarkt Austria,Agrarmarkt Austria,ORG,0.7,0.0,de,1.0
OÖ,OÖ,ORG,0.7,0.0,de,1.0
Dresden,Dresden,ORG,0.7,0.0,de,1.0
Sachsen Energie AG,Sachsen Energie AG,ORG,0.0,0.0,de,1.0
Bergungsarbeiten,Bergungsarbeiten,ORG,0.0,0.0,de,1.0
UNO-Sekretariat,UNO-Sekretariat,ORG,0.0,0.0,de,1.0
Anforderungs…,Anforderungs…,ORG,0.0,0.0,de,1.0
Elbe-Saale-Hopfenpfl…,Elbe-Saale-Hopfenpfl…,ORG,0.0,0.0,de,1.0
Ve…,Ve…,ORG,-0.35,0.0,de,1.0
Erd…,Erd…,ORG,0.0,0.0,de,1.0
Spanien…,Spanien…,ORG,0.0,0.0,de,1.0
mancheror…,mancheror…,ORG,0.0,0.0,de,1.0
Innsbruck Universität a…,Innsbruck Universität a…,ORG,0.0,0.0,de,1.0
Hemingway,Hemingway,ORG,0.0,0.0,de,1.0
diesjä…,diesjä…,ORG,0.0,0.0,de,1.0
Hürtgenwald,Hürtgenwald,ORG,0.0,0.0,de,1.0
Deus Ex,Deus Ex,ORG,-1.0,0.0,de,1.0
Aktion,Aktion,ORG,0.0,0.0,de,1.0
GOG.com,GOG.com,ORG,0.7,0.0,de,1.0
Deutschland Hitzerekorde,Deutschland Hitzerekorde,ORG,0.0,0.0,de,1.0
Temperaturen …,Temperaturen …,ORG,-1.0,0.0,de,1.0
AEMET…,AEMET…,ORG,0.0,0.0,de,1.0
DW,DW,ORG,0.0,0.0,de,1.0
picture alliance/dpa/Vigili del Fuoco,picture alliance/dpa/Vigili del Fuoco,ORG,0.7,0.0,de,1.0
Hitze…,Hitze…,ORG,0.0,0.0,de,1.0
dr…,dr…,ORG,0.0,0.0,de,1.0
Rote Emma,Rote Emma,ORG,0.0,0.0,de,1.0
Roten Wien,Roten Wien,ORG,0.0,0.0,de,1.0
+++ Weltkriegsbombe,+++ Weltkriegsbombe,ORG,0.0,0.0,de,1.0
Euro Bußgeld,Euro Bußgeld,ORG,0.0,0.0,de,1.0
Hitzeta…,Hitzeta…,ORG,0.0,0.0,de,1.0
Deutschen Interdisziplinären Vereinigung für Intensiv- und Notfallmedizin,Deutschen Interdisziplinären Vereinigung für Intensiv- und Notfallmedizin,ORG,0.0,0.0,de,1.0
DIVI,DIVI,ORG,0.0,0.0,de,1.0
Bundeskanzleramt,Bundeskanzleramt,ORG,0.0,0.0,de,1.0
NGO,NGO,ORG,0.0,0.0,de,1.0
Waldbrände,Waldbrände,ORG,0.0,0.0,de,1.0
BELGA,BELGA,ORG,0.0,0.0,de,1.0
KOMMENTAR,KOMMENTAR,ORG,0.0,0.0,de,1.0
Small-Talk-Thema,Small-Talk-Thema,ORG,0.0,0.0,de,1.0
Entnah…,Entnah…,ORG,0.7,0.0,de,1.0
EU-Katastrophenschutz,EU-Katastrophenschutz,ORG,-1.0,0.0,de,1.0
Niederschlagsdur…,Niederschlagsdur…,ORG,0.0,0.0,de,1.0
Gewerkschaften,Gewerkschaften,ORG,0.0,0.0,de,1.0
Klimaanlagen-Tuning,Klimaanlagen-Tuning,ORG,0.0,0.0,de,1.0
CT,CT,ORG,0.7,0.0,de,1.0
C…,C…,ORG,0.7,0.0,de,1.0
Hitze Deutschlands,Hitze Deutschlands,ORG,0.0,0.0,de,1.0
diskuti…,diskuti…,ORG,0.0,0.0,de,1.0
Wettervorhersag…,Wettervorhersag…,ORG,0.0,0.0,de,1.0
Deutschen Lebens-Rettungs-Gesellschaft,Deutschen Lebens-Rettungs-Gesellschaft,ORG,0.0,0.0,de,1.0
Hitze bergen,Hitze bergen,ORG,0.0,0.0,de,1.0
Verband Kommunaler Unternehmen,Verband Kommunaler Unternehmen,ORG,0.0,0.0,de,1.0
VKU,VKU,ORG,0.0,0.0,de,1.0
Genehmigungsf…,Genehmigungsf…,ORG,0.0,0.0,de,1.0
"Ministerium für Land- und Ernährungswirtschaft, Umwelt und Verbraucherschutz","Ministerium für Land- und Ernährungswirtschaft, Umwelt und Verbraucherschutz",ORG,0.0,0.0,de,1.0
MLEUV,MLEUV,ORG,0.0,0.0,de,1.0
Warns…,Warns…,ORG,0.0,0.0,de,1.0
EU-Gesundheitsbehörde…,EU-Gesundheitsbehörde…,ORG,0.35,0.0,de,1.0
Forst,Forst,ORG,0.7,0.0,de,1.0
Regierun…,Regierun…,ORG,0.0,0.0,de,1.0
beschä…,beschä…,ORG,0.0,0.0,de,1.0
Gießen,Gießen,ORG,0.0,0.0,de,1.0
hoch +++ Wetterdienst,hoch +++ Wetterdienst,ORG,-0.3333333333333333,0.0,de,1.0
Unwettern +++,Unwettern +++,ORG,-0.3333333333333333,0.0,de,1.0
Richtiges Gießen,Richtiges Gießen,ORG,0.7,0.0,de,1.0
Hochschule für Technik und Wirtschaft des Saarlandes,Hochschule für Technik und Wirtschaft des Saarlandes,ORG,0.0,0.0,de,1.0
﻿﻿﻿Mit,﻿﻿﻿Mit,ORG,0.0,0.0,de,1.0
Verbands…,Verbands…,ORG,-1.0,0.0,de,1.0
SDRS,SDRS,ORG,0.0,0.0,de,1.0
HLNUG,HLNUG,ORG,-0.7,0.0,de,1.0
Bildungsministeri…,Bildungsministeri…,ORG,0.0,0.0,de,1.0
CO-Preisen,CO-Preisen,ORG,-0.15000000000000002,0.0,de,1.0
EU-Klimaschutzplan,EU-Klimaschutzplan,ORG,0.7,0.0,de,1.0
Durchschnitts…,Durchschnitts…,ORG,0.0,0.0,de,1.0
Rettungsdienstes der Stadt Köln,Rettungsdienstes der Stadt Köln,ORG,0.0,0.0,de,1.0
Hapag-Lloyd,Hapag-Lloyd,ORG,1.0,0.0,de,1.0
Containerreederei Hapag-Lloyd,Containerreederei Hapag-Lloyd,ORG,0.0,0.0,de,1.0
HPA,HPA,ORG,0.0,0.0,de,1.0
Ex-Radprofi,Ex-Radprofi,ORG,-1.0,0.0,de,1.0
Linz,Linz,ORG,0.0,0.0,de,1.0
Autobahn GmbH des Bundes,Autobahn GmbH des Bundes,ORG,0.0,0.0,de,1.0
Südhälfte mö…,Südhälfte mö…,ORG,0.0,0.0,de,1.0
Tropennächten,Tropennächten,ORG,0.0,0.0,de,1.0
Tätern,Tätern,ORG,0.0,0.0,de,1.0
Hessischen Bauernverbandes,Hessischen Bauernverbandes,ORG,0.0,0.0,de,1.0
"Ministerium für Land- und Ernährungswirtschaft, Umwelt und Verbra…","Ministerium für Land- und Ernährungswirtschaft, Umwelt und Verbra…",ORG,0.0,0.0,de,1.0
Städtische SP,Städtische SP,ORG,-0.7,0.0,de,1.0
NZZ-Redaktion,NZZ-Redaktion,ORG,0.0,0.0,de,1.0
Zürcher SP,Zürcher SP,ORG,0.0,0.0,de,1.0
Stadtzür…,Stadtzür…,ORG,0.0,0.0,de,1.0
europäische Copernicus-Dienst,europäische Copernicus-Dienst,ORG,0.0,0.0,de,1.0
CAMS,CAMS,ORG,0.0,0.0,de,1.0
Hessischen Landesamtes für Naturschutz,Hessischen Landesamtes für Naturschutz,ORG,-0.7,0.0,de,1.0
HTW,HTW,ORG,0.0,0.0,de,1.0
"NZZ
","NZZ
",ORG,0.7,0.0,de,1.0
Urfahr-…,Urfahr-…,ORG,-0.7,0.0,de,1.0
Hitzetoten,Hitzetoten,ORG,0.0,0.0,de,1.0
Zentralinstitut für die kassenärztlic…,Zentralinstitut für die kassenärztlic…,ORG,0.0,0.0,de,1.0
SVP,SVP,ORG,0.0,0.0,de,1.0
BASIC thinking,BASIC thinking,ORG,0.0,0.0,de,1.0
MapBiomas,MapBiomas,ORG,0.15000000000000002,0.0,de,1.0
Sorg…,Sorg…,ORG,0.0,0.0,de,1.0
Aktionsplan KI-Kontinent,Aktionsplan KI-Kontinent,ORG,0.0,0.0,de,1.0
IMAGO/Funke Foto Services,IMAGO/Funke Foto Services,ORG,0.0,0.0,de,1.0
Verstö…,Verstö…,ORG,0.0,0.0,de,1.0
Online-Charts,Online-Charts,ORG,0.0,0.0,de,1.0
HUGEL,HUGEL,ORG,0.0,0.0,de,1.0
Chanel,Chanel,ORG,0.0,0.0,de,1.0
EU-Hilfe,EU-Hilfe,ORG,0.0,0.0,de,1.0
Russland,Russland,ORG,0.7,0.0,de,1.0
Deutschen Kinderhilfswerkes,Deutschen Kinderhilfswerkes,ORG,0.0,0.0,de,1.0
Eur…,Eur…,ORG,0.0,0.0,de,1.0
Kommunale Aktionsgemeinschaft zu…,Kommunale Aktionsgemeinschaft zu…,ORG,0.0,0.0,de,1.0
Getty Images,Getty Images,ORG,0.7,0.0,de,1.0
Geosphere Austria am Sonntag,Geosphere Austria am Sonntag,ORG,0.0,0.0,de,1.0
Hitzewellen,Hitzewellen,ORG,0.0,0.0,de,1.0
die Linke,die Linke,ORG,0.0,0.0,de,1.0
na…,na…,ORG,0.0,0.0,de,1.0
+++Porsche,+++Porsche,ORG,0.0,0.0,de,1.0
Porsche,Porsche,ORG,0.0,0.0,de,1.0
LMBV,LMBV,ORG,-0.7,0.0,de,1.0
Lausitzer- und Mitteldeutsche Bergbauverwaltungsgesellschaft,Lausitzer- und Mitteldeutsche Bergbauverwaltungsgesellschaft,ORG,-0.7,0.0,de,1.0
Aufruhr,Aufruhr,ORG,0.7,0.0,de,1.0
ETS,ETS,ORG,0.0,0.0,de,1.0
Infrastruktu…,Infrastruktu…,ORG,0.0,0.0,de,1.0
FDP-Vorsitzende,FDP-Vorsitzende,ORG,0.0,0.0,de,1.0
Fachbe…,Fachbe…,ORG,-1.0,0.0,de,1.0
Polizei,Polizei,ORG,0.0,0.0,de,1.0
Frankfurter Buchmesse,Frankfurter Buchmesse,ORG,0.0,1.0,de,1.0
Coldplay,Coldplay,ORG,0.0,0.0,de,1.0
Universität Cambr…,Universität Cambr…,ORG,0.0,0.0,de,1.0
mu…,mu…,ORG,0.0,0.0,de,1.0
Europäische Kommission Europas,Europäische Kommission Europas,ORG,0.35,0.0,de,1.0
Job für Deutschland,Job für Deutschland,ORG,0.0,0.0,de,1.0
Fußball-Liga,Fußball-Liga,ORG,0.0,0.0,de,1.0
KI-Spitzenreiter,KI-Spitzenreiter,ORG,0.0,0.0,de,1.0
Major League Soccer,Major League Soccer,ORG,-0.7,0.0,de,1.0
MLS,MLS,ORG,-0.7,0.0,de,1.0
Capital Pictures,Capital Pictures,ORG,0.0,0.0,de,1.0
Mega-Events,Mega-Events,ORG,0.0,0.0,de,1.0
ke…,ke…,ORG,0.0,0.0,de,1.0
Bonn.digital,Bonn.digital,ORG,0.0,0.0,de,1.0
weiterlesenTief Cerry,weiterlesenTief Cerry,ORG,0.0,0.0,de,1.0
sozialdemokratische…,sozialdemokratische…,ORG,0.0,0.0,de,1.0
Verband der Internationalen Kraftfahrzeughersteller,Verband der Internationalen Kraftfahrzeughersteller,ORG,0.0,0.0,de,1.0
PSI,PSI,ORG,0.0,0.0,de,1.0
Found Energy,Found Energy,ORG,0.0,0.0,de,1.0
DEBATTENRUNDSCHAU,DEBATTENRUNDSCHAU,ORG,0.0,0.0,de,1.0
Aluminiumabfälle,Aluminiumabfälle,ORG,0.0,0.0,de,1.0
Cyber Monday Rabatt-Aktion,Cyber Monday Rabatt-Aktion,ORG,1.65,0.0,de,1.0
Prognosen,Prognosen,ORG,0.0,0.0,de,1.0
k…,k…,ORG,0.0,0.0,de,1.0
… Projektion,… Projektion,ORG,0.0,0.0,de,1.0
SZ Photo,SZ Photo,ORG,0.0,0.0,de,1.0
Zweitliga-Schlusslicht Münster,Zweitliga-Schlusslicht Münster,ORG,0.0,0.0,de,1.0
Erdgaslobby,Erdgaslobby,ORG,0.0,0.0,de,1.0
UN-Generalsekretär,UN-Generalsekretär,ORG,-0.35,0.0,de,1.0
Zettajoule,Zettajoule,ORG,0.0,0.0,de,1.0
s…,s…,ORG,0.0,0.0,de,1.0
Meteo…,Meteo…,ORG,0.7,0.0,de,1.0
Hessischen Bauernverbands,Hessischen Bauernverbands,ORG,0.7,0.0,de,1.0
European Avalanche Warning Service,European Avalanche Warning Service,ORG,0.0,0.0,de,1.0
EAWS,EAWS,ORG,0.0,0.0,de,1.0
Erdöls,Erdöls,ORG,0.0,0.0,de,1.0
vorg…,vorg…,ORG,0.0,0.0,de,1.0
Mexiko City,Mexiko City,ORG,0.0,0.0,de,1.0
VitiVoltaic,VitiVoltaic,ORG,0.7,0.0,de,1.0
Wien mö,Wien mö,ORG,0.0,0.0,de,1.0
Umweltministerium in,Umweltministerium in,ORG,-0.7,0.0,de,1.0
Ahoi Piraten!,Ahoi Piraten!,ORG,0.0,0.0,de,1.0
Kreuzfahrten +,Kreuzfahrten +,ORG,0.0,0.0,de,1.0
Wein-Universität,Wein-Universität,ORG,0.7,0.0,de,1.0
Saharastaub aus</li><li,Saharastaub aus</li><li,ORG,0.0,0.0,de,1.0
abe…,abe…,ORG,0.0,0.0,de,1.0
Wettbew…,Wettbew…,ORG,1.0,0.0,de,1.0
KI-Projekt,KI-Projekt,ORG,1.0,0.0,de,1.0
Konferenz Neustart Berlin,Konferenz Neustart Berlin,ORG,0.0,0.0,de,1.0
AK-Gebäudes,AK-Gebäudes,ORG,0.0,0.0,de,1.0
CliA,CliA,ORG,0.0,0.0,de,1.0
US-Hitzerekord,US-Hitzerekord,ORG,0.0,0.0,de,1.0
UN-Klimareport,UN-Klimareport,ORG,-1.0,0.0,de,1.0
"Ozeane 
","Ozeane 
",ORG,0.0,0.0,de,1.0
Wetterbehörde WMO,Wetterbehörde WMO,ORG,-0.7,0.0,de,1.0
Wissenscha…,Wissenscha…,ORG,-0.7,0.0,de,1.0
Mercedes-Benz,Mercedes-Benz,ORG,0.0,0.0,de,1.0
Kirche,Kirche,ORG,-1.0,0.0,de,1.0
BGH,BGH,ORG,0.0,0.0,de,1.0
Kenn…,Kenn…,ORG,0.0,0.0,de,1.0
Landesamt fü…,Landesamt fü…,ORG,0.0,0.0,de,1.0
deutsche…,deutsche…,ORG,0.0,0.0,de,1.0
Cop30,Cop30,ORG,0.0,0.0,de,1.0
Hochschule…,Hochschule…,ORG,-0.7,0.0,de,1.0
Aktion mit,Aktion mit,ORG,0.0,0.0,de,1.0
US-Bevölkerung,US-Bevölkerung,ORG,0.7,0.0,de,1.0
picture alliance/dpa/AP,picture alliance/dpa/AP,ORG,0.0,0.0,de,1.0
Bundeskabinett,Bundeskabinett,ORG,0.0,0.0,de,1.0
Minister Carsten Schneider,Minister Carsten Schneider,ORG,0.7,0.0,de,1.0
US-Emissionen,US-Emissionen,ORG,0.0,0.0,de,1.0
Fake News,Fake News,ORG,-0.15000000000000002,0.0,de,1.0
BSH,BSH,ORG,0.0,0.0,de,1.0
EU-Alpenraumstrategie,EU-Alpenraumstrategie,ORG,-1.0,0.0,de,1.0
Neun-Euro-Ticket,Neun-Euro-Ticket,ORG,0.7,0.0,de,1.0
JMA,JMA,ORG,0.7,0.0,de,1.0
Ko…,Ko…,ORG,0.3333333333333333,0.0,de,1.0
FehmarnMit Sonnensegel,FehmarnMit Sonnensegel,ORG,0.0,0.0,de,1.0
Tag der Arbeit,Tag der Arbeit,ORG,0.7,0.0,de,1.0
Fridays For Future,Fridays For Future,ORG,0.0,0.0,de,1.0
CO-Verschmutzer,CO-Verschmutzer,ORG,0.0,0.0,de,1.0
UV-Index,UV-Index,ORG,1.0,0.0,de,1.0
Murks,Murks,ORG,0.0,0.0,de,1.0
Hei…,Hei…,ORG,0.0,0.0,de,1.0
angel…,angel…,ORG,0.7,0.0,de,1.0
Sta…,Sta…,ORG,0.0,0.0,de,1.0
Glutnester,Glutnester,ORG,0.0,0.0,de,1.0
Lan…,Lan…,ORG,1.0,0.0,de,1.0
Regenwand!,Regenwand!,ORG,0.0,0.0,de,1.0
ges…,ges…,ORG,0.7,0.0,de,1.0
Krankenkasse Barmer,Krankenkasse Barmer,ORG,-0.4375,0.0,de,1.0
Waldbran…,Waldbran…,ORG,0.0,0.0,de,1.0
gu…,gu…,ORG,-0.35,0.0,de,1.0
COP30,COP30,ORG,0.0,0.0,de,1.0
MAGAZINRUNDSCHAU,MAGAZINRUNDSCHAU,ORG,0.0,0.0,de,1.0
New Lines,New Lines,ORG,0.0,0.0,de,1.0
London Review,London Review,ORG,0.0,0.0,de,1.0
Umwelt & Klima,Umwelt & Klima,ORG,0.0,0.0,de,1.0
Klimakonferenz,Klimakonferenz,ORG,0.0,0.0,de,1.0
Ausfälle,Ausfälle,ORG,0.35,0.0,de,1.0
junge Welt,junge Welt,ORG,0.0,0.0,de,1.0
Al…,Al…,ORG,0.0,0.0,de,1.0
Schleswig-Holsteins,Schleswig-Holsteins,ORG,-0.7,0.0,de,1.0
Smart Home Produkten,Smart Home Produkten,ORG,1.65,0.0,de,1.0
Black Friday,Black Friday,ORG,0.7,0.0,de,1.0
Smart Home Deals,Smart Home Deals,ORG,0.7,0.0,de,1.0
Bundeskan…,Bundeskan…,ORG,0.0,0.0,de,1.0
Grünen Hamburg,Grünen Hamburg,ORG,-0.7,0.0,de,1.0
Petersberger …,Petersberger …,ORG,0.0,0.0,de,1.0
Deutschen Gesellschaft für Ki…,Deutschen Gesellschaft für Ki…,ORG,-0.7,0.0,de,1.0
imageBROK…,imageBROK…,ORG,0.0,0.0,de,1.0
Wettbewerbsfähigkei…,Wettbewerbsfähigkei…,ORG,0.0,0.0,de,1.0
Petersburger Klimadialog,Petersburger Klimadialog,ORG,0.0,0.0,de,1.0
Starkregen,Starkregen,ORG,0.0,0.0,de,1.0
EVN Wasser,EVN Wasser,ORG,-1.0,0.0,de,1.0
Pl…,Pl…,ORG,0.0,0.0,de,1.0
dari…,dari…,ORG,0.0,0.0,de,1.0
p…,p…,ORG,0.0,0.0,de,1.0
Kuratorium für Verkehrssicherheit,Kuratorium für Verkehrssicherheit,ORG,0.0,0.0,de,1.0
Waldb…,Waldb…,ORG,0.0,0.0,de,1.0
Fachleute,Fachleute,ORG,0.0,0.0,de,1.0
Fol…,Fol…,ORG,0.0,0.0,de,1.0
NATO,NATO,ORG,0.0,0.0,de,1.0
Landesfeuerwehrkommando,Landesfeuerwehrkommando,ORG,-0.7,0.0,de,1.0
Pools,Pools,ORG,0.0,0.0,de,1.0
Lärche & Co.,Lärche & Co.,ORG,0.0,0.0,de,1.0
Prob…,Prob…,ORG,0.0,0.0,de,1.0
Stadtwerke…,Stadtwerke…,ORG,0.0,0.0,de,1.0
Berliner Sports,Berliner Sports,ORG,0.0,0.0,de,1.0
Android,Android,ORG,0.0,0.0,de,1.0
Themse,Themse,ORG,-0.7,0.0,de,1.0
EU-Klimadienst,EU-Klimadienst,ORG,0.0,0.0,de,1.0
Marburger Universität,Marburger Universität,ORG,0.0,0.0,de,1.0
Argentin…,Argentin…,ORG,-0.7,0.0,de,1.0
Treibhaus-Erde,Treibhaus-Erde,ORG,-0.7,0.0,de,1.0
Climate Change Centre Austria,Climate Change Centre Austria,ORG,0.0,0.0,de,1.0
CCCA,CCCA,ORG,0.0,0.0,de,1.0
Scientists for Future Austria,Scientists for Future Austria,ORG,0.0,0.0,de,1.0
S4F,S4F,ORG,0.0,0.0,de,1.0
Naturkatastrophe!,Naturkatastrophe!,ORG,-0.5,0.0,de,1.0
picture alliance/dpa/ZUMA Press Wire,picture alliance/dpa/ZUMA Press Wire,ORG,-1.0,0.0,de,1.0
Wirtscha…,Wirtscha…,ORG,0.0,0.0,de,1.0
Captital Pictures,Captital Pictures,ORG,0.0,0.0,de,1.0
US-Geschichte,US-Geschichte,ORG,0.0,0.0,de,1.0
Konkre…,Konkre…,ORG,0.0,0.0,de,1.0
Wahlpe…,Wahlpe…,ORG,-0.7,0.0,de,1.0
Europäische Wissenschaftliche Beirat,Europäische Wissenschaftliche Beirat,ORG,0.0,0.0,de,1.0
IAEA,IAEA,ORG,0.0,0.0,de,1.0
Bä…,Bä…,ORG,-0.7,0.0,de,1.0
Climate Central,Climate Central,ORG,-0.7,0.0,de,1.0
Landesamtes für U…,Landesamtes für U…,ORG,-1.0,0.0,de,1.0
CO-Neutralität,CO-Neutralität,ORG,0.0,0.0,de,1.0
GRÜNEN,GRÜNEN,ORG,0.7,0.0,de,1.0
Deutsche Wetterdienst Bilanz,Deutsche Wetterdienst Bilanz,ORG,-0.7,0.0,de,1.0
Wegener Centers,Wegener Centers,ORG,0.0,0.0,de,1.0
Silvester-Feuerwerk,Silvester-Feuerwerk,ORG,0.0,0.0,de,1.0
ZUMAPRESS.com,ZUMAPRESS.com,ORG,0.0,0.0,de,1.0
Bundesamt für,Bundesamt für,ORG,0.0,0.0,de,1.0
Zah…,Zah…,ORG,0.0,0.0,de,1.0
Landshuter Allee,Landshuter Allee,ORG,0.0,0.0,de,1.0
EU-Erdbeobachtungsprogr…,EU-Erdbeobachtungsprogr…,ORG,0.0,0.0,de,1.0
EU-Erdbeobachtungsprogramms,EU-Erdbeobachtungsprogramms,ORG,0.0,0.0,de,1.0
Ja…,Ja…,ORG,0.0,0.0,de,1.0
no…,no…,ORG,0.7,0.0,de,1.0
Zentrum …,Zentrum …,ORG,0.0,0.0,de,1.0
Sydney19.01.2026,Sydney19.01.2026,ORG,0.0,0.0,de,1.0
Die Welt,Die Welt,ORG,0.0,0.0,de,1.0
dürregepla…,dürregepla…,ORG,0.0,0.0,de,1.0
Vereinte Nationen,Vereinte Nationen,ORG,-0.7,0.0,de,1.0
Gastronomie,Gastronomie,ORG,0.0,0.0,de,1.0
Trump Always Chickens Out,Trump Always Chickens Out,ORG,0.0,0.0,de,1.0
Vegetationsperio… Magdeburg,Vegetationsperio… Magdeburg,ORG,0.0,0.0,de,1.0
hessischen Grünen,hessischen Grünen,ORG,0.0,0.0,de,1.0
Landtags,Landtags,ORG,0.0,0.0,de,1.0
ch…,ch…,ORG,-0.35,0.0,de,1.0
Hitzere…,Hitzere…,ORG,0.0,0.0,de,1.0
run…,run…,ORG,0.0,0.0,de,1.0
Universitä…,Universitä…,ORG,0.0,0.0,de,1.0
BBC,BBC,ORG,-1.0,0.0,de,1.0
FC Internationale Berlin,FC Internationale Berlin,ORG,0.0,0.0,de,1.0
Europäischen Union,Europäischen Union,ORG,0.0,0.0,de,1.0
ausgebild…,ausgebild…,ORG,0.0,0.0,de,1.0
Potsdam-Institut für Klimafolgenforschung,Potsdam-Institut für Klimafolgenforschung,ORG,-0.7,0.0,de,1.0
PIK,PIK,ORG,-0.7,0.0,de,1.0
EU-Klimawandeldienst C…,EU-Klimawandeldienst C…,ORG,0.0,0.0,de,1.0
Deutschkursen +++ Entwarnung,Deutschkursen +++ Entwarnung,ORG,0.7,0.0,de,1.0
Wertpapiergeschäft +++ Liveblog,Wertpapiergeschäft +++ Liveblog,ORG,0.7,0.0,de,1.0
ve…,ve…,ORG,0.0,0.0,de,1.0
son…,son…,ORG,0.0,0.0,de,1.0
Hessen +++ Baugenehmigung,Hessen +++ Baugenehmigung,ORG,0.7,0.0,de,1.0
Bad Vilbel +++ Brandschaden,Bad Vilbel +++ Brandschaden,ORG,0.7,0.0,de,1.0
Deutschkursen +++ Liveblog,Deutschkursen +++ Liveblog,ORG,0.7,0.0,de,1.0
Moodys,Moodys,ORG,0.0,0.0,de,1.0
Fitch,Fitch,ORG,0.0,0.0,de,1.0
Steuerungsgruppe,Steuerungsgruppe,ORG,0.0,0.0,de,1.0
Jüdischen Museum +++ Reihenweise,Jüdischen Museum +++ Reihenweise,ORG,0.0,0.0,de,1.0
Hessen +++ Liveblog,Hessen +++ Liveblog,ORG,0.0,0.0,de,1.0
Hessen Frankfurt,Hessen Frankfurt,ORG,0.0,0.0,de,1.0
Frankfurter CDU,Frankfurter CDU,ORG,0.0,0.0,de,1.0
Gastgeberrol…,Gastgeberrol…,ORG,0.0,0.0,de,1.0
Sportl…,Sportl…,ORG,0.0,0.0,de,1.0
Wiesbadener Grünen,Wiesbadener Grünen,ORG,0.0,0.0,de,1.0
Wiesbadener Grüne,Wiesbadener Grüne,ORG,0.0,0.0,de,1.0
Erneu…,Erneu…,ORG,0.0,0.0,de,1.0
Elf-Prozent-Tal,Elf-Prozent-Tal,ORG,0.7,0.0,de,1.0
Landtag,Landtag,ORG,0.0,0.0,de,1.0
Umwelt-Bürgerrates,Umwelt-Bürgerrates,ORG,0.0,0.0,de,1.0
Mobilitätsministerium in Mainz,Mobilitätsministerium in Mainz,ORG,0.0,0.0,de,1.0
Kepler Universitätsklinikum,Kepler Universitätsklinikum,ORG,0.0,0.0,de,1.0
Sustainable…,Sustainable…,ORG,1.0,0.0,de,1.0
Bebauungsplan,Bebauungsplan,ORG,0.0,0.0,de,1.0
Dosenfabrik,Dosenfabrik,ORG,0.0,0.0,de,1.0
Umwelt-Netzwerk Grüne Liga,Umwelt-Netzwerk Grüne Liga,ORG,-1.0,0.0,de,1.0
OVG,OVG,ORG,0.0,0.0,de,1.0
Science Advances veröf…,Science Advances veröf…,ORG,0.0,0.0,de,1.0
Helmholtz-Zentrums für Umweltforschung,Helmholtz-Zentrums für Umweltforschung,ORG,0.0,0.0,de,1.0
UFZ,UFZ,ORG,0.0,0.0,de,1.0
Marquardt-Gruppe,Marquardt-Gruppe,ORG,0.7,0.0,de,1.0
b…,b…,ORG,0.0,0.0,de,1.0
KUK,KUK,ORG,0.0,0.0,de,1.0
Deutschen Wetterdiensts …,Deutschen Wetterdiensts …,ORG,0.0,0.0,de,1.0
reduz…,reduz…,ORG,0.0,0.0,de,1.0
Grundlag…,Grundlag…,ORG,0.0,0.0,de,1.0
Por…,Por…,ORG,-0.7,0.0,de,1.0
Finanzkurs kr…,Finanzkurs kr…,ORG,0.0,0.0,de,1.0
Klimaanpassungsgesetzes,Klimaanpassungsgesetzes,ORG,0.0,0.0,de,1.0
Ama…,Ama…,ORG,0.0,0.0,de,1.0
Klimaanpass…,Klimaanpass…,ORG,-0.7,0.0,de,1.0
den Grünen,den Grünen,ORG,0.0,0.0,de,1.0
500-Milliarden-Schulden-Paket,500-Milliarden-Schulden-Paket,ORG,0.0,0.0,de,1.0
Deutschen Bundestag,Deutschen Bundestag,ORG,0.7,0.0,de,1.0
deutschen Regierung…,deutschen Regierung…,ORG,-0.7,0.0,de,1.0
SAP,SAP,ORG,0.0,0.0,de,1.0
KI-Labor,KI-Labor,ORG,0.0,0.0,de,1.0
Mallorca!,Mallorca!,ORG,0.0,0.0,de,1.0
Bundesländ…,Bundesländ…,ORG,0.7,0.0,de,1.0
Englands Penis-Riesen,Englands Penis-Riesen,ORG,0.0,0.0,de,1.0
Cerne Abbas Giant,Cerne Abbas Giant,ORG,0.0,0.0,de,1.0
State Uni…,State Uni…,ORG,1.0,0.0,de,1.0
intensi…,intensi…,ORG,0.7,0.0,de,1.0
Wochenmitte wi…,Wochenmitte wi…,ORG,0.0,0.0,de,1.0
Symposium,Symposium,ORG,0.0,0.0,de,1.0
Essen,Essen,ORG,0.0,0.0,de,1.0
lnw,lnw,ORG,0.0,0.0,de,1.0
Temperat…,Temperat…,ORG,0.0,0.0,de,1.0
Deutschen Wette…,Deutschen Wette…,ORG,0.0,0.0,de,1.0
Tesla,Tesla,ORG,0.0,0.0,de,1.0
SHANGHAI,SHANGHAI,ORG,0.0,0.0,de,1.0
SEHK,SEHK,ORG,0.0,0.0,de,1.0
Getränkeabfüller Urstromquelle,Getränkeabfüller Urstromquelle,ORG,0.0,0.0,de,1.0
Pr…,Pr…,ORG,0.0,0.0,de,1.0
Hitz…,Hitz…,ORG,0.35,0.0,de,1.0
Kommune,Kommune,ORG,0.0,0.0,de,1.0
Auto,Auto,ORG,0.35,0.0,de,1.0
ACV Automobil-Club Verkehr,ACV Automobil-Club Verkehr,ORG,0.0,0.0,de,1.0
Teile Deutschlands,Teile Deutschlands,ORG,0.0,0.0,de,1.0
Dosen-Werk,Dosen-Werk,ORG,0.0,0.0,de,1.0
Schutzmaßna…,Schutzmaßna…,ORG,1.0,0.0,de,1.0
UN-Chef,UN-Chef,ORG,-0.7,0.0,de,1.0
Rekordtemperatur!,Rekordtemperatur!,ORG,0.0,0.0,de,1.0
US-Wet…,US-Wet…,ORG,0.0,0.0,de,1.0
Krankenkasse AOK,Krankenkasse AOK,ORG,-0.7,0.0,de,1.0
Hitze-Check der Deutschen Umwelthilfe,Hitze-Check der Deutschen Umwelthilfe,ORG,0.0,0.0,de,1.0
Hitze-Check der Deutschen Umwelthilfe…,Hitze-Check der Deutschen Umwelthilfe…,ORG,0.0,0.0,de,1.0
Deutsche Rote Kreuz Ratschläge für heiße Tage,Deutsche Rote Kreuz Ratschläge für heiße Tage,ORG,0.0,0.0,de,1.0
Deutsche Rote Kreuz Ra…,Deutsche Rote Kreuz Ra…,ORG,0.0,0.0,de,1.0
Grundwasserstände,Grundwasserstände,ORG,-0.7,0.0,de,1.0
NRW-Landesregierung,NRW-Landesregierung,ORG,0.0,0.0,de,1.0
IHKN,IHKN,ORG,0.0,0.0,de,1.0
e…,e…,ORG,0.45,0.0,de,1.0
Wettbe…,Wettbe…,ORG,1.0,0.0,de,1.0
Klimaschutz AKTIV!,Klimaschutz AKTIV!,ORG,1.0,0.0,de,1.0
Allgemeine Ortskrankenkasse,Allgemeine Ortskrankenkasse,ORG,0.0,0.0,de,1.0
NOAA,NOAA,ORG,0.0,0.0,de,1.0
AOK,AOK,ORG,0.0,0.0,de,1.0
Verkehrs- und Umweltverbä…,Verkehrs- und Umweltverbä…,ORG,0.0,0.0,de,1.0
Rosinak &amp,Rosinak &amp,ORG,0.0,0.0,de,1.0
Editha-Gymnasium,Editha-Gymnasium,ORG,0.0,0.0,de,1.0
VCD,VCD,ORG,0.0,0.0,de,1.0
Donn…,Donn…,ORG,0.0,0.0,de,1.0
USA …,USA …,ORG,-0.35,0.0,de,1.0
COMET,COMET,ORG,0.0,0.0,de,1.0
Competence Center for Excellent Technologies,Competence Center for Excellent Technologies,ORG,0.0,0.0,de,1.0
US-Wetterbehörde,US-Wetterbehörde,ORG,0.0,0.0,de,1.0
Can Art,Can Art,ORG,0.0,0.0,de,1.0
Deutsche Wetterdienst vor der Hitze,Deutsche Wetterdienst vor der Hitze,ORG,-0.7,0.0,de,1.0
AI-Infrastruktur,AI-Infrastruktur,ORG,0.0,0.0,de,1.0
ste…,ste…,ORG,0.0,0.0,de,1.0
Aussag…,Aussag…,ORG,0.0,0.0,de,1.0
Hitzebelast…,Hitzebelast…,ORG,0.425,0.0,de,1.0
LHStv Josef Geisler,LHStv Josef Geisler,ORG,0.425,0.0,de,1.0
Innsbrucker Grünen,Innsbrucker Grünen,ORG,0.0,0.0,de,1.0
ORF Vorarlberg,ORF Vorarlberg,ORG,0.0,0.0,de,1.0
Zeit-Online-Interview,Zeit-Online-Interview,ORG,0.7,0.0,de,1.0
Tropenhitze Deutschland,Tropenhitze Deutschland,ORG,0.0,0.0,de,1.0
NINA,NINA,ORG,0.0,0.0,de,1.0
Unwetterge…,Unwetterge…,ORG,-1.0,0.0,de,1.0
Universitätsmedizin Mainz,Universitätsmedizin Mainz,ORG,0.7,0.0,de,1.0
Fe…,Fe…,ORG,0.0,0.0,de,1.0
Bundesministeriums für Gesundheit,Bundesministeriums für Gesundheit,ORG,0.0,0.0,de,1.0
AGES-Zahlen,AGES-Zahlen,ORG,0.0,0.0,de,1.0
Hitzeaktionspläne,Hitzeaktionspläne,ORG,0.0,0.0,de,1.0
EU-Gesetz,EU-Gesetz,ORG,0.0,0.0,de,1.0
EU-Verordnung,EU-Verordnung,ORG,0.0,0.0,de,1.0
Stadtwerke München,Stadtwerke München,ORG,-0.15000000000000002,0.0,de,1.0
Temper…,Temper…,ORG,0.0,0.0,de,1.0
Eiswürfel!,Eiswürfel!,ORG,0.0,0.0,de,1.0
sonn…,sonn…,ORG,0.0,0.0,de,1.0
Klimaab…,Klimaab…,ORG,0.0,0.0,de,1.0
ses Figueres,ses Figueres,ORG,0.0,0.0,de,1.0
Nit…,Nit…,ORG,0.0,0.0,de,1.0
ORF-Wetterredaktion,ORF-Wetterredaktion,ORG,0.0,0.0,de,1.0
Deutsche Rote Kreuz,Deutsche Rote Kreuz,ORG,0.0,0.0,de,1.0
Deutsche Wett…,Deutsche Wett…,ORG,0.0,0.0,de,1.0
Rondo Energy,Rondo Energy,ORG,0.0,0.0,de,1.0
sa,sa,ORG,0.0,0.0,de,1.0
Sportlerinne…,Sportlerinne…,ORG,0.0,0.0,de,1.0
Wassers …,Wassers …,ORG,0.0,0.0,de,1.0
G…,G…,ORG,0.7,0.0,de,1.0
Fußball-Bundesliga,Fußball-Bundesliga,ORG,0.0,0.0,de,1.0
Deutsche Wetter-Dienst,Deutsche Wetter-Dienst,ORG,-0.7,0.0,de,1.0
Umweltmin…,Umweltmin…,ORG,0.0,0.0,de,1.0
Tag der offenen Tür,Tag der offenen Tür,ORG,0.7,0.0,de,1.0
t3n.de Rondo Energy,t3n.de Rondo Energy,ORG,0.0,0.0,de,1.0
Stadtfest,Stadtfest,ORG,0.0,0.0,de,1.0
Hitze“,Hitze“,ORG,0.0,0.0,de,1.0
Te…,Te…,ORG,0.0,0.0,de,1.0
Technischen Universität Dresden,Technischen Universität Dresden,ORG,0.0,0.0,de,1.0
Agrar- und Umweltministeriums hervorge…,Agrar- und Umweltministeriums hervorge…,ORG,0.0,0.0,de,1.0
UKE,UKE,ORG,0.0,0.0,de,1.0
bb,bb,ORG,-0.35,0.0,de,1.0
Sudan …,Sudan …,ORG,0.0,0.0,de,1.0
Bundesamt für Bevölkerungsschutz und Katas…,Bundesamt für Bevölkerungsschutz und Katas…,ORG,0.0,0.0,de,1.0
Kuriose WM-Storys,Kuriose WM-Storys,ORG,-1.0,0.0,de,1.0
RSF,RSF,ORG,0.0,0.0,de,1.0
Back Market,Back Market,ORG,0.0,0.0,de,1.0
Technik/Hardware,Technik/Hardware,ORG,0.7,0.0,de,1.0
Touri…,Touri…,ORG,0.0,0.0,de,1.0
Stiftun…,Stiftun…,ORG,0.0,0.0,de,1.0
Stiftung Zukunft,Stiftung Zukunft,ORG,0.0,0.0,de,1.0
Medizinische Universität Wien,Medizinische Universität Wien,ORG,0.0,0.0,de,1.0
Initiative Beat the Heat,Initiative Beat the Heat,ORG,0.0,0.0,de,1.0
ASSOCIATED PRESS,ASSOCIATED PRESS,ORG,0.0,0.0,de,1.0
Landesamt für Umwelt,Landesamt für Umwelt,ORG,0.0,0.0,de,1.0
Landesamt für …,Landesamt für …,ORG,0.0,0.0,de,1.0
Anti-Trump,Anti-Trump,ORG,-0.5,0.0,de,1.0
Grünen geführ…,Grünen geführ…,ORG,0.0,0.0,de,1.0
Span…,Span…,ORG,0.0,0.0,de,1.0
vo…,vo…,ORG,-0.5,0.0,de,1.0
Einspruch,Einspruch,ORG,0.0,0.0,de,1.0
Newsom,Newsom,ORG,0.0,0.0,de,1.0
IPCC,IPCC,ORG,0.0,0.0,de,1.0
SBG,SBG,ORG,0.0,0.0,de,1.0
Monsterwetter,Monsterwetter,ORG,0.0,0.0,de,1.0
Uni Klagenfurt,Uni Klagenfurt,ORG,0.0,0.0,de,1.0
Sonnenstich & Co.,Sonnenstich & Co.,ORG,0.0,0.0,de,1.0
Graderreicht,Graderreicht,ORG,0.0,0.0,de,1.0
UV-Schutz,UV-Schutz,ORG,0.0,0.0,de,1.0
Tie…,Tie…,ORG,0.0,0.0,de,1.0
bayeri…,bayeri…,ORG,0.5,0.0,de,1.0
he…,he…,ORG,-0.7,0.0,de,1.0
Olympia-Referendum Liebe Leserin,Olympia-Referendum Liebe Leserin,ORG,0.5666666666666667,0.0,de,1.0
Guide gef…,Guide gef…,ORG,0.5666666666666667,0.0,de,1.0
Deutsche Wetterdienst erw…,Deutsche Wetterdienst erw…,ORG,0.0,0.0,de,1.0
Vorhersagezentr…,Vorhersagezentr…,ORG,0.0,0.0,de,1.0
Internationale Energieagentur,Internationale Energieagentur,ORG,0.0,0.0,de,1.0
Mi…,Mi…,ORG,0.0,0.0,de,1.0
Gesundheit Österreich GmbH,Gesundheit Österreich GmbH,ORG,0.0,0.0,de,1.0
CO2-Einfluss,CO2-Einfluss,ORG,-1.0,0.0,de,1.0
nan Deutschland,nan Deutschland,ORG,0.7,0.0,de,1.0
Stadtverordneten …,Stadtverordneten …,ORG,-1.0,0.0,de,1.0
Borkenkäfers,Borkenkäfers,ORG,0.0,0.0,de,1.0
Ertrags,Ertrags,ORG,0.7,0.0,de,1.0
AUSTIN,AUSTIN,ORG,0.7,0.0,de,1.0
Commonwealth,Commonwealth,ORG,0.7,0.0,de,1.0
Ukra…,Ukra…,ORG,0.0,0.0,de,1.0
Grüne Investments,Grüne Investments,ORG,0.7,0.0,de,1.0
Deutschland …,Deutschland …,ORG,0.0,0.0,de,1.0
GÖG,GÖG,ORG,0.0,0.0,de,1.0
KDK,KDK,ORG,0.0,0.0,de,1.0
Imperial College London,Imperial College London,ORG,0.0,0.0,de,1.0
Universität Exeter,Universität Exeter,ORG,0.0,0.0,de,1.0
Nachhaltigkeitsziele,Nachhaltigkeitsziele,ORG,-1.0,0.0,de,1.0
Urlaubsve…,Urlaubsve…,ORG,0.0,0.0,de,1.0
FOCUS,FOCUS,ORG,-1.0,0.0,de,1.0
bürokrati…,bürokrati…,ORG,0.0,0.0,de,1.0
FIFPRO,FIFPRO,ORG,0.0,0.0,de,1.0
Vorfreu…,Vorfreu…,ORG,0.0,0.0,de,1.0
junge Generation,junge Generation,ORG,0.7,0.0,de,1.0
Welch Anblick!,Welch Anblick!,ORG,0.0,0.0,de,1.0
Meteo France,Meteo France,ORG,0.0,0.0,de,1.0
Überhitzung</li><li>,Überhitzung</li><li>,ORG,-0.15000000000000002,0.0,de,1.0
UN…,UN…,ORG,0.5,0.0,de,1.0
Wasserentnahm…,Wasserentnahm…,ORG,0.0,0.0,de,1.0
KI-Unternehmen,KI-Unternehmen,ORG,0.0,0.0,de,1.0
Ministerium für Energiesicherheit und Klimaneutralität,Ministerium für Energiesicherheit und Klimaneutralität,ORG,0.0,0.0,de,1.0
ga…,ga…,ORG,0.0,0.0,de,1.0
Frankfurts,Frankfurts,ORG,0.0,0.0,de,1.0
Procter & Gamble,Procter & Gamble,ORG,0.0,0.0,de,1.0
Procter &amp,Procter &amp,ORG,0.0,0.0,de,1.0
Was…,Was…,ORG,0.0,0.0,de,1.0
Erfurts Wärmeplanung,Erfurts Wärmeplanung,ORG,0.0,0.0,de,1.0
Apple,Apple,ORG,-0.5,0.5,de,1.0
Hausha…,Hausha…,ORG,-0.7,0.0,de,1.0
Fußball-Fans,Fußball-Fans,ORG,0.0,0.0,de,1.0
Europa-Klimaanlage heizt &,Europa-Klimaanlage heizt &,ORG,0.0,0.0,de,1.0
WASHINGTON,WASHINGTON,ORG,0.0,0.0,de,1.0
CDU/CSU,CDU/CSU,ORG,0.0,0.0,de,1.0
WM-Ticker,WM-Ticker,ORG,0.0,0.0,de,1.0
IT-Referat,IT-Referat,ORG,0.0,0.0,de,1.0
System …,System …,ORG,0.0,0.0,de,1.0
Treibhausgasemiss…,Treibhausgasemiss…,ORG,-0.7,0.0,de,1.0
Gesellschaft…,Gesellschaft…,ORG,0.0,0.0,de,1.0
frü…,frü…,ORG,0.0,0.0,de,1.0
UN-Klimaverhandlungen,UN-Klimaverhandlungen,ORG,-0.7,0.0,de,1.0
AK,AK,ORG,1.0,0.0,de,1.0
Mijia-Kühlschrank,Mijia-Kühlschrank,ORG,0.0,0.0,de,1.0
Moorschutz,Moorschutz,ORG,0.0,0.0,de,1.0
Thermometer…,Thermometer…,ORG,0.0,0.0,de,1.0
Erwartu…,Erwartu…,ORG,0.0,0.0,de,1.0
Geschichte Westaustraliens,Geschichte Westaustraliens,ORG,0.0,0.0,de,1.0
Allianz Trade,Allianz Trade,ORG,0.0,0.0,de,1.0
Fotostand,Fotostand,ORG,0.0,0.0,de,1.0
Black Friday Presale,Black Friday Presale,ORG,0.0,0.0,de,1.0
Samsung,Samsung,ORG,0.0,0.0,de,1.0
Black Friday!,Black Friday!,ORG,0.7,0.0,de,1.0
Deutschlands Klimabilanz,Deutschlands Klimabilanz,ORG,0.0,0.0,de,1.0
UN-Klimachef,UN-Klimachef,ORG,0.0,0.0,de,1.0
RWE,RWE,ORG,-1.0,0.0,de,1.0
Bere…,Bere…,ORG,0.0,0.0,de,1.0
Ex…,Ex…,ORG,0.0,0.0,de,1.0
Sc…,Sc…,ORG,0.0,0.0,de,1.0
HitzeHubschrauber-Einsätze,HitzeHubschrauber-Einsätze,ORG,0.0,0.0,de,1.0
Helmholtz-Zentrums für Umw…,Helmholtz-Zentrums für Umw…,ORG,0.0,0.0,de,1.0
Wass…,Wass…,ORG,0.0,0.0,de,1.0
Union,Union,ORG,0.0,0.0,de,1.0
Schwarz-Grün,Schwarz-Grün,ORG,0.0,0.0,de,1.0
F.A.S.,F.A.S.,ORG,0.0,0.0,de,1.0
Bed…,Bed…,ORG,0.0,0.0,de,1.0
Sonne drinnenbleiben,Sonne drinnenbleiben,ORG,0.0,0.0,de,1.0
WELT,WELT,ORG,0.0,0.0,de,1.0
dri…,dri…,ORG,1.0,0.0,de,1.0
Bürgerinitiative Klimaentscheid Erfurt,Bürgerinitiative Klimaentscheid Erfurt,ORG,-0.7,0.0,de,1.0
