domain,sentiment_mean,sentiment_std,subjectivity_mean,subjectivity_std,counting
www.zeit.de,0.010752410166520593,0.18671829092162706,0.07324849060278509,0.1328288743377443,652.0
www.stern.de,-0.07815428054851131,0.24227928346764174,0.07127541795811027,0.13769827332257456,338.0
www.tagesspiegel.de,0.02547619047619047,0.19314772753928858,0.10069622331691297,0.1255510643051092,290.0
www.faz.net,0.006785714285714283,0.20786640301549164,0.09569129368485592,0.1422612632990921,233.0
www.tagesschau.de,-0.023257299810471452,0.22922407772250433,0.11403636579009714,0.15455050931886669,134.0
www.diepresse.com,0.02668037518037518,0.19346417456378368,0.07203174603174603,0.11211232950706719,110.0
www.n-tv.de,0.011024801587301585,0.23637012008784833,0.10745436507936508,0.14168946086205741,100.0
www.bild.de,0.07466622574955908,0.2305399032475595,0.05788095238095238,0.09410595849894125,90.0
www.sueddeutsche.de,0.017603670634920632,0.19427825826660247,0.10350919913419915,0.12730276027191753,88.0
www.welt.de,-0.0024760452961672527,0.24676925500448418,0.10028503677893921,0.1453677645801421,82.0
www.morgenpost.de,0.057996286121286114,0.2302965678610889,0.07999592999593,0.12892992050219443,78.0
orf.at,0.05430390211640211,0.18773397425047322,0.09312720458553791,0.13095256431486743,72.0
www.focus.de,0.04337893864013266,0.21501213442210457,0.10667199715707179,0.13555951535521643,67.0
www.nzz.ch,0.036063797313797316,0.23856872129790813,0.08370726495726497,0.15062650272000325,52.0
www.dw.com,-0.01790697674418605,0.24142088539876222,0.14898486526393503,0.1631543604397986,43.0
taz.de,0.052847222222222226,0.1649417956133949,0.24876984126984128,0.13180271152298767,40.0
www.freitag.de,0.03564260112647209,0.19127586317041134,0.10437147977470558,0.1431156765904656,31.0
www.spektrum.de,0.030326086956521735,0.1683250678296089,0.049999999999999996,0.09885710532241612,23.0
science.orf.at,0.03962121212121212,0.2207322660718937,0.10479797979797979,0.14336230229532582,22.0
noe.orf.at,0.025031328320802,0.13844524292759716,0.07368421052631578,0.10906989468946161,19.0
vorarlberg.orf.at,0.09333884479717812,0.1603821255118339,0.09320987654320988,0.1411586502645195,18.0
ooe.orf.at,0.020026455026455028,0.21584083834991105,0.07605820105820106,0.10854658489600297,18.0
www.telepolis.de,-0.11364197530864198,0.2865725527111781,0.05,0.10113732332791213,18.0
tirol.orf.at,-0.005294117647058829,0.21279553411252616,0.09019607843137255,0.16183719780931466,17.0
www.derstandard.at,0.1341176470588235,0.1658575334593782,0.058823529411764705,0.10309745373829686,17.0
www.gamestar.de,0.07312500000000001,0.09022819532797305,0.1355,0.11090617012334603,15.0
www.brigitte.de,0.10238095238095238,0.23635416137981347,0.03222222222222222,0.08739316985649472,15.0
kaernten.orf.at,-0.04193253968253969,0.24628663144401958,0.12965873015873014,0.16458379535595105,15.0
steiermark.orf.at,0.055333333333333325,0.1901494817159,0.1492063492063492,0.21288785687998715,15.0
www.ibiza-heute.de,0.11032967032967032,0.17561049270466078,0.1075091575091575,0.1113242548347766,13.0
t3n.de,0.11277777777777777,0.2773816367219943,0.05527777777777778,0.08669531383573993,12.0
www.golem.de,0.07023809523809522,0.16677207551046436,0.02337662337662338,0.07753148860571064,11.0
wien.orf.at,0.06018939393939393,0.1393226874467103,0.10454545454545454,0.12135597524338358,11.0
hallespektrum.de,0.075,0.38540102570865575,0.03333333333333333,0.10540925533894598,10.0
salzburg.orf.at,0.009119047619047615,0.1636111467224089,0.12904761904761902,0.16565376258997763,10.0
burgenland.orf.at,-0.055224867724867725,0.18007152109228933,0.05026455026455026,0.07570946042991632,9.0
www.china-gadgets.de,0.18083333333333332,0.2974035013119257,0.07738095238095237,0.10872943459381157,7.0
www.urlaubspiraten.de,0.24527777777777773,0.0600778815526301,0.044444444444444446,0.07200822998230956,6.0
www.teltarif.de,0.1408333333333333,0.21784083554198377,0.0,0.0,4.0
www.computerbase.de,0.08479166666666665,0.2710732911348269,0.17708333333333331,0.2366211810750114,4.0
www.jungewelt.de,-0.125,0.0362859017617954,0.05625,0.06574889099191458,4.0
www.perlentaucher.de,0.05833333333333333,0.10103629710818451,0.06666666666666667,0.11547005383792516,3.0
www.mobiflip.de,0.18499999999999997,0.39613760235554507,0.08333333333333333,0.14433756729740646,3.0
www.abendblatt.de,0.3638888888888889,0.20755409825802934,0.041666666666666664,0.07216878364870323,3.0
www.appgefahren.de,0.2666666666666666,0.30855847635956024,0.16666666666666666,0.14433756729740646,3.0
www.basicthinking.de,0.02333333333333332,0.10408329997330663,0.15,0.08660254037844387,3.0
www.prnewswire.com,0.2333333333333333,0.40414518843273806,0.0,0.0,3.0
oe3.orf.at,0.16666666666666666,0.2886751345948129,0.0,0.0,3.0
www.autobild.de,0.08333333333333333,0.11785113019775792,0.08333333333333333,0.11785113019775792,2.0
netzpolitik.org,-0.012916666666666667,0.14201061188829828,0.0,0.0,2.0
www.googlewatchblog.de,0.32916666666666666,0.13552879972742163,0.0,0.0,2.0
www.whudat.de,0.3233333333333333,0.22156012477178488,0.3666666666666667,0.047140452079103216,2.0
www.businessinsider.de,-0.27999999999999997,0.0,0.0,0.0,2.0
versicherungswirtschaft-heute.de,-0.020833333333333343,0.5008673033404711,0.0625,0.08838834764831845,2.0
futurezone.at,0.0,1.0,0.0,1.0,1.0
ct-uplink.podigee.io,0.0,1.0,0.0,1.0,1.0
fm4.orf.at,0.0,1.0,0.0,1.0,1.0
de.catholicnewsagency.com,0.0,1.0,0.0,1.0,1.0
www.waz.de,0.0,1.0,0.0,1.0,1.0
www.pcgames.de,0.0,1.0,0.0,1.0,1.0
oesterreich.orf.at,0.0,1.0,0.0,1.0,1.0
stadt-bremerhaven.de,0.0,1.0,0.0,1.0,1.0
www.rtl.de,0.0,1.0,0.0,1.0,1.0
www.esa.int,0.0,1.0,0.0,1.0,1.0
www.macerkopf.de,0.0,1.0,0.0,1.0,1.0
www.kino-zeit.de,0.0,1.0,0.0,1.0,1.0
www.iphone-ticker.de,0.0,1.0,0.0,1.0,1.0
www.br.de,0.0,1.0,0.0,1.0,1.0
www.derstandard.de,0.0,1.0,0.0,1.0,1.0
www1.wdr.de,0.0,1.0,0.0,1.0,1.0
