day,sentiment_mean,sentiment_std,subjectivity_mean,subjectivity_std,counting
2025-09-25,0.5875805210403217,0.8771307690948985,-0.7009626578479993,0.04004755145930713,2.0
2025-09-27,0.7071067811865475,1.0,0.7071067811865475,1.0,1.0
2025-09-29,-0.8005087960045083,0.4208621536475277,0.8372726457445732,0.44891083083947286,2.0
2025-09-30,0.0750612159608273,1.0,1.8909774713200342,1.0,1.0
2025-10-01,-0.3720145378838044,0.27349727480057406,0.7590324776323042,0.985466980334031,5.0
2025-10-02,0.8163188554735649,1.2090012945628044,0.7816146094695848,2.013996825492882,2.0
2025-10-03,-1.29023147948892,0.12890282739727793,-0.7473905833632755,0.2710527650531641,2.0
2025-10-04,1.1942998603360246,1.0,-0.6150615041193547,1.0,1.0
2025-10-07,-1.7961876333638056,1.0,-0.03346992798266288,1.0,1.0
2025-10-08,-0.3997276121399095,1.0,-0.5176202739386508,1.0,1.0
2025-10-09,2.150458000158479,0.0,-0.5176202739386508,0.0,2.0
2025-10-10,-0.13190002699363007,1.0,-0.8020340080288368,1.0,1.0
2025-10-11,0.6969053906833245,0.884148867192648,-0.21258932543857362,0.9484813547954938,4.0
2025-10-12,0.001996361792736989,0.8825968001250075,0.8494762099311187,1.6459785068408388,4.0
2025-10-13,-0.8374242880945294,0.9895838194987998,0.05474607895057117,0.5211071502517978,7.0
2025-10-14,0.2643324935617173,1.023302170541952,-0.24967261774980848,0.6116798486348158,5.0
2025-10-15,0.5096447920384867,0.16038498058284686,-0.32338147574247983,0.30875378505565954,3.0
2025-10-16,0.12830265484181363,0.5826003565803246,0.41459048373388874,1.3525003794791306,4.0
2025-10-17,0.7786511743263689,0.8740498358377068,0.4491138105984105,1.169180359614499,3.0
2025-10-18,-0.531322570223684,0.3904026194268192,-0.5345351665157476,0.02392127048861425,2.0
2025-10-19,0.0444093798835582,2.1588537220781845,-0.06077595882445805,0.7915135461792075,2.0
2025-10-20,-0.5234906227568314,1.5119372351770404,-0.6483104391635496,0.10299578490493404,4.0
2025-10-21,0.4430552249231601,1.2523454995862182,0.3707083442044498,0.9093147279500069,4.0
2025-10-22,0.17565436749109095,0.8491224874272135,-0.7272136363477938,0.0776109569953523,6.0
2025-10-23,-0.26265772741960597,0.8796636805593925,-0.6918989859154641,0.13188060414016134,3.0
2025-10-24,0.10092154003773221,0.7182179765128311,0.603586901150657,1.2454118311397016,5.0
2025-10-26,1.2157337674094237,1.0,-0.6376097545769498,1.0,1.0
2025-10-27,0.06837902317030231,1.891903625711267,-0.13995245464870032,1.0203906490288814,3.0
2025-10-28,-0.135514818565436,1.0707200309971523,-0.3061341058965301,0.3471516310201879,4.0
2025-10-29,-0.9605475644556751,0.9316473218087117,-0.0993625099532047,0.7274349265498258,4.0
2025-10-30,-0.4445662136233536,1.6301192049798823,-0.026623346347922926,0.9704687743547705,5.0
2025-10-31,0.7728614912512995,1.2211339500867093,-0.24474185740278107,0.8037722922346432,2.0
2025-11-01,0.4209503776479452,1.0376794286996518,0.3936743178075456,1.3732361403291329,2.0
2025-11-02,0.5702273779712695,1.0,-0.5176202739386508,1.0,1.0
2025-11-03,-0.988808370946539,1.2362568942561958,-0.04341341278835135,0.9591401910725118,3.0
2025-11-04,0.28385907044521697,0.6008156493776529,-0.4615585654000748,0.4532952518316335,4.0
2025-11-05,-0.09000083487678484,0.8755733199241551,-0.3619402858849318,0.7364127737938249,10.0
2025-11-06,-0.4814263732656579,0.7590430890931863,-0.2554870942687903,0.8507257740185957,4.0
2025-11-07,0.6528173657137925,1.5170806839019038,0.3904506074218788,1.4124144207642038,7.0
2025-11-08,-0.17218851246400624,0.5690862892512123,-0.6333513034561927,0.015839430855821453,3.0
2025-11-09,-0.1689695959335766,0.9099132838135159,-0.2379348889584997,0.8819276154607165,16.0
2025-11-10,-0.11912538191573538,1.119395605045514,-0.042702505716721136,1.0224412517551826,7.0
2025-11-11,-0.024441126617609634,1.0383971564805157,-0.43454236597116747,0.29512687891746525,7.0
2025-11-12,-0.06004933672048945,0.8618848244959566,1.0004446692844318,1.1615373622670058,7.0
2025-11-13,-0.46237356267756424,0.9041517629499279,-0.19230496312875683,1.05865220530643,8.0
2025-11-14,-0.027477069667695236,0.5906179901685087,0.8172760298742859,2.357733016624517,6.0
2025-11-15,0.6708902147942907,1.0,-0.6204605547287873,1.0,1.0
2025-11-16,0.7529681062826248,1.0,-0.68987121779431,1.0,1.0
2025-11-17,-0.6405202634969303,0.8409913693873018,-0.43477848092138605,0.5851752663610071,4.0
2025-11-18,-0.2828166579754186,1.2237852225504808,-0.5401734640414465,0.019531635565400832,3.0
2025-11-19,-0.9647067147414448,0.22249511546765952,-0.5345351665157476,0.02392127048861425,2.0
2025-11-20,-1.547995085583448,0.8898300231836638,-0.5277037287481777,0.26943010451152033,3.0
2025-11-21,0.7616068046747876,0.9423985812669463,-0.5684839588984564,0.3973336493765746,4.0
2025-11-22,-0.9140752025145655,0.5085407456579362,-0.46993862848790346,0.4779180925090134,3.0
2025-11-23,-0.6099140881003513,0.5015478098954895,0.0738950945560255,0.8365290564772903,2.0
2025-11-25,0.19825890533270024,0.3031448978320409,-0.6086029909763927,0.11441910922287617,5.0
2025-11-26,-0.3236789004333187,0.23738721989509312,-0.5805716985575671,0.0815119650002816,3.0
2025-11-27,0.019279011903615872,1.5982082680436074,-0.6190398325588765,0.11809216592365741,5.0
2025-11-28,1.1446970786171649,1.0,-0.68987121779431,1.0,1.0
2025-11-29,-0.5915156196311679,0.6051087841646782,-0.2039192221472887,0.7025490196513082,2.0
2025-11-30,0.2046202043980765,1.9772861844445029,-0.6324683671866266,0.27153771252087605,4.0
2025-12-01,-1.3429450801462786,1.0,1.7070950162586886,1.0,1.0
2025-12-02,0.5283681647908781,0.7697503810826601,-0.1865626217270205,0.8514617227740148,4.0
2025-12-03,1.3779456365238758,1.0,-0.8555277382080452,1.0,1.0
2025-12-04,-0.4242093361571042,0.23892163110021816,1.294340050577472,1.5456530474588497,2.0
2025-12-05,-1.538651401480634,1.6325768937823637,-0.7529027045197397,0.21496970627837414,3.0
2025-12-07,1.1582049742149079,1.0,0.4566461490238495,1.0,1.0
2025-12-08,0.43607173446595615,1.0,1.7598174302560454,1.0,1.0
2025-12-09,0.4438381191543616,0.23686900375579503,0.26636735367269015,0.8903430899552969,3.0
2025-12-10,-0.11308246342698286,0.5089467257317076,-0.15180853190509427,0.4512662784823203,6.0
2025-12-12,-0.03264459377405287,1.0,0.7332193170240867,1.0,1.0
2025-12-14,-1.192648919343101,1.0,-0.6204605547287873,1.0,1.0
2025-12-15,0.3685403483853063,0.41283250110104497,0.18052759893534068,1.2187301944643814,3.0
2025-12-16,-0.5515553525096034,0.5637637954156648,-0.02627071100648662,0.7427157567419878,2.0
2025-12-17,-1.0067610810250518,1.9984275607820692,-0.35108681050335633,0.5866636291375802,5.0
2025-12-18,-0.20175111863673978,1.0,-0.7869015825082541,1.0,1.0
2025-12-19,-1.0604890947288472,0.6693277543945416,0.6727566703376042,1.672139850878633,4.0
2025-12-22,-1.4254824212051564,1.0,-0.9657298642485294,1.0,1.0
2025-12-23,1.3027409572907431,1.0,0.7132284574711892,1.0,1.0
2025-12-25,-0.6542651435011982,1.3059568725955157,-0.12635739925080552,0.5511523583243602,3.0
2025-12-27,0.9452361937605321,0.7903134450908781,0.4471457389649218,2.0062308855809743,3.0
2025-12-28,1.6302900085570144,1.0,-0.555727335134819,1.0,1.0
2025-12-29,-0.05248072763007772,0.324289163076073,1.1078853748097865,1.9231343405612404,3.0
2025-12-30,0.4559840311165614,0.3920909313402893,0.021931110173096735,1.2068421624521413,4.0
2025-12-31,-0.43248259058034927,1.0,-0.5514500590928444,1.0,1.0
2026-01-01,0.6408649198800908,0.0,-0.672644762641206,0.0,2.0
2026-01-02,-0.09061060559212766,1.0,-0.8130946957717526,1.0,1.0
2026-01-03,1.0267505319931658,0.5872500231080136,0.5814259514017545,0.5272480993334817,2.0
2026-01-04,0.9851556153573242,1.0,0.5313982046887138,1.0,1.0
2026-01-05,0.30164876534866786,0.6376203184160073,-0.19163321694510083,0.8684478085819487,4.0
2026-01-06,0.6300052844673869,1.0,-0.8130946957717526,1.0,1.0
2026-01-07,0.06354958827622093,0.9370021987934656,0.3403867501306448,1.2635806597894472,5.0
2026-01-08,0.5527964391038676,1.0,-0.8130946957717526,1.0,1.0
2026-01-10,0.024878894517867574,1.0,-0.5573260020087992,1.0,1.0
2026-01-11,0.2623694507502632,0.2631344861410272,0.3921412174653267,1.3344395806455076,2.0
2026-01-12,0.09419892346788718,1.2595777904440097,0.26839126385267464,1.1297058548297132,4.0
2026-01-13,-0.5907831151537153,0.5774231970271235,-0.17483699584730128,0.46800295706787415,4.0
2026-01-14,-0.20373429622014774,0.2572529866088064,0.16277155875658308,1.6167140607746322,3.0
2026-01-15,-1.1287186120131187,1.0,-0.5514500590928444,1.0,1.0
2026-01-16,-3.0154712936940173,1.0,-0.555727335134819,1.0,1.0
2026-01-18,1.1661815699908813,0.7246948970279773,-0.2039293366051576,0.753365039454079,7.0
2026-01-19,-0.5872593365999329,0.7119136073509896,0.4539812586743256,1.4259570871261282,5.0
2026-01-20,-0.2979149543456544,1.4265401564989737,0.27425400802950567,1.13579531295114,5.0
2026-01-21,-0.1363109766475967,1.2384532716012204,0.009183043720381003,0.6977077074086938,7.0
2026-01-22,-0.48756452175973103,0.9101933546014452,0.8645652961737896,1.6954740290256334,5.0
2026-01-23,-0.2727119418687407,0.34625350923202247,0.745393274127708,0.9307370167530616,4.0
2026-01-24,-1.0335965987658224,1.4759163324969822,-0.29908553461170484,0.5282925266289441,2.0
2026-01-25,0.6447117312032954,1.0,-0.8130946957717526,1.0,1.0
2026-01-26,-1.0866591196663058,0.6413501275258259,1.8359490124230902,2.4120100031758045,5.0
2026-01-28,-0.7535547830832999,0.9871479259645384,-0.24182445372820274,0.3195611207016464,3.0
2026-01-29,-1.2233808957861778,1.0,2.0333914652436476,1.0,1.0
2026-01-30,-0.6942468432620872,0.3939188742411629,0.47228922155757436,1.5001786797053975,4.0
2026-01-31,-0.05758627134731968,1.0,-0.5514500590928444,1.0,1.0
2026-02-02,0.17874302723435864,1.0,-0.8020340080288368,1.0,1.0
2026-02-03,-0.35430370441063325,0.41962181803066906,0.35332641701270684,1.2795471634246072,2.0
2026-02-04,-0.49126463654297015,0.9394081837726377,-0.5875112248562114,0.184849920729315,4.0
2026-02-05,0.1323863655888566,0.8218788453574547,-0.5085480303408861,0.27198192612624744,2.0
2026-02-06,0.7045734828813323,0.0035826248207719603,-0.27084513807346455,1.0,2.0
2026-02-07,-0.3585294365245155,0.2865638728718175,0.9160820814858862,2.51259971228813,3.0
2026-02-08,0.010033848406772792,1.0,-0.68987121779431,1.0,1.0
2026-02-09,0.31999999999999995,1.0,0.0,1.0,1.0
2026-02-10,-0.03331148344156706,0.7862548480924808,0.736314431070784,0.9726066499841557,5.0
2026-02-11,-1.861059696995947,1.0714127883789948,-0.399543423904534,0.599133424136587,5.0
2026-02-12,-0.17706514672491813,0.8064280442942157,-0.4564360657221441,0.5567076294482179,20.0
2026-02-13,0.16855535691847565,0.5693328179392945,0.2127296258832099,1.0519464133103653,9.0
2026-02-14,0.28339464591638985,1.0,-0.6150615041193547,1.0,1.0
2026-02-15,-0.2192599318241376,1.3718891866205027,0.6166169302174911,1.283247367657811,4.0
2026-02-16,0.9035768204329988,0.0,-0.8020340080288368,0.0,2.0
2026-02-17,-0.7344577662757871,0.4045232042014452,-0.6958425537341678,0.19155932380261456,3.0
2026-02-18,0.4384931076115265,1.0205681403244231,-0.32693848563541344,0.5267048976699168,5.0
2026-02-19,-1.7766934720452643,1.6041228425025842,-0.09290198621553021,1.1521900755775316,5.0
2026-02-20,-0.026772079009735553,1.04161646321559,0.2576819081307497,1.579921611131771,7.0
2026-02-21,0.6515601892078149,1.0,1.5173416165766196,1.0,1.0
2026-02-22,0.3803438965174473,0.4137284512292144,0.32866735618439263,1.0653968272105085,3.0
2026-02-23,-1.5184907051893315,2.066030863670361,-0.5345351665157476,0.02392127048861425,2.0
2026-02-24,0.29362451743867946,0.5379914746210063,-0.24402426777062594,1.0849219575713793,7.0
2026-02-25,0.5228925057774432,1.530366923169839,-0.2924354886338506,0.7792255982561547,8.0
2026-02-26,0.055993824799090985,0.9588200252786678,-0.6667594592206052,0.11142324197304546,4.0
2026-02-27,0.4064831074204356,0.702996670712766,0.7491385702508351,0.6223233943429102,2.0
2026-03-01,0.5390982948133546,1.0787055455021815,0.312846413517866,0.8355974751560261,5.0
2026-03-02,-0.5601459781046442,1.0152385557026469,0.10650833630702734,0.6422016186648535,5.0
2026-03-04,0.26236577695401747,1.28286944853171,0.1973286499439333,1.2677381634705502,3.0
2026-03-05,0.30146154433072203,0.9988437114751016,0.5996231696730545,1.0181265170948726,4.0
2026-03-06,0.123807315592704,0.8990529004653477,-0.6427581603825575,0.11557331570564329,16.0
2026-03-07,0.5309969307333234,1.465005307666752,-0.48371894477865895,0.5096936240636984,12.0
2026-03-08,0.29685433112023923,0.6592302349384886,0.3616167063336733,1.3333562367316196,5.0
2026-03-09,-0.22494929504493408,1.1481839954067437,-0.6729471839922944,0.1460258148699289,6.0
2026-03-10,0.010757147148321725,0.34670702207184056,0.12847625365504045,1.1192062682690216,5.0
2026-03-11,-0.6275105685032446,1.0,0.4475704651530805,1.0,1.0
2026-03-12,-2.867077564635074,1.0,-0.7583793771646706,1.0,1.0
2026-03-13,0.36379558206096574,0.701019453133801,-0.6539072734438549,0.2094828370001212,2.0
2026-03-14,0.7405811081630892,1.0,-0.9390538315917318,1.0,1.0
2026-03-15,-0.32039921734628257,1.0,-0.9390538315917318,1.0,1.0
2026-03-16,0.5773654635119687,1.0,-0.68987121779431,1.0,1.0
2026-03-18,1.094241216666213,1.0,-0.6229247763909245,1.0,1.0
2026-03-19,-0.26340990391197644,0.21331849095307007,-0.6638857476353143,0.11637258771207,4.0
2026-03-20,0.10241910089205557,0.8215735860173551,0.2898253143691628,0.5527512415549607,5.0
2026-03-21,0.09030895237967183,0.25523225924911097,0.7438927816563394,0.3168517605933363,2.0
2026-03-23,-1.0832738908495358,1.8451256514587449,-0.0721958670726863,1.0213570178440181,5.0
2026-03-24,-0.28948514267593906,0.858099512435753,0.2682550847394494,1.2718428070750536,4.0
2026-03-25,0.39865590131946793,1.317988709172709,-0.3137281730884836,0.604342640452045,19.0
2026-03-26,0.026395316544507042,1.3954949649220854,-0.4007598458684246,0.36457244898086766,5.0
2026-03-27,0.027410935587607488,0.7985843832149275,0.738112470581338,2.235689362137934,4.0
2026-03-30,1.9682919374350571,1.0,-0.8130946957717526,1.0,1.0
2026-03-31,-0.1925177639906705,0.3582837707411997,0.6924714373298431,1.268551940372127,10.0
2026-04-01,-0.6130693251687253,0.4220009678351488,0.33682659450135183,1.7742831235842473,3.0
2026-04-02,0.03280162415770999,0.8777365393162679,-0.5457181396795305,0.42509616069084183,12.0
2026-04-03,0.02745029072565397,1.2377431522377949,-0.6237014470201107,0.155364057387296,3.0
2026-04-04,0.010033848406772792,1.0,2.061770462569273,1.0,1.0
2026-04-05,-0.7071067811865476,1.0,,1.0,1.0
2026-04-06,0.21002538922906586,0.9699371446352121,0.323525788918745,1.1566896852971515,2.0
2026-04-07,-0.042617959218503865,1.2387199029234355,0.3558388483891468,1.9049040811488356,4.0
2026-04-08,-0.8117604449732592,1.394869887511278,-0.5595812488174513,0.21092623327285964,3.0
2026-04-09,-0.671265027639577,1.5099387365958543,-0.3396143852120009,0.5365023479751129,3.0
2026-04-10,-0.13082653587768248,0.8812118002736984,0.36478544883736325,1.0973678601619048,5.0
2026-04-11,-0.513151905307846,0.4179086594636606,-0.03286467232689303,1.4104103618801656,6.0
2026-04-12,0.6922063671187395,1.0,-0.5514500590928444,1.0,1.0
2026-04-13,0.23953765078471081,1.0535195503876584,-0.26230052750275135,0.7346686555978812,3.0
2026-04-14,-0.5856346943168255,1.2701265427310504,-0.36527905942009925,0.509990965264534,6.0
2026-04-15,-0.7590061741111086,0.67626081350996,-0.32210918142041084,0.46711198036613977,7.0
2026-04-16,-2.140755047992207,1.0,-0.6603199759174686,1.0,1.0
2026-04-17,1.0955516930940998,0.28646135010719403,-0.655968863386275,0.1265368644614511,7.0
2026-04-18,0.5843562467880293,0.6861134219983956,-0.654769476085331,0.14040807353551393,6.0
2026-04-19,2.085385284345007,1.4920632207701905,-0.22921442081303858,0.7991070322145164,4.0
2026-04-20,0.9503320616869195,0.4182141333664021,-0.6141860488880124,0.08267310582865287,2.0
2026-04-21,-0.26954650796323687,0.5260106982270397,-0.6858375051505513,0.1491724175813028,3.0
2026-04-22,0.21271651887561638,0.7926769676965483,-0.35512883804585743,0.6036469441264277,16.0
2026-04-23,0.653636628007426,1.0,0.011919166950710935,1.0,1.0
2026-04-24,0.46696641861851196,0.7347513087542099,-0.13262215205249178,0.9537903129205043,5.0
2026-04-25,-0.12256696117873278,0.2598377225581487,-0.32846018724368536,0.5046035791462264,3.0
2026-04-27,-0.35235808368943716,0.9196246572018304,0.6509843326776971,0.9272150755733854,6.0
2026-04-28,-0.06317061355088835,1.0746443762349192,-0.13429143417870115,0.9873825603890611,15.0
2026-04-29,0.05348620258167468,1.3146723036202927,0.3841443238618539,1.3209875897597838,15.0
2026-04-30,0.2290039537720558,0.48408170572087933,-0.2136251828489804,0.8106063493128299,5.0
2026-05-01,0.043558092311568646,1.9699715177560297,-0.3396094104235453,0.6192216575674093,7.0
2026-05-02,0.7844667045564803,0.7227701224809064,-0.10165043861967438,1.1245568285016405,5.0
2026-05-03,0.6600850289101217,0.6606336063142889,-0.3386958781298799,0.5755761416805864,5.0
2026-05-04,0.2744034270303392,0.7549659906273652,-0.031097839404239425,0.9078601583259024,10.0
2026-05-05,-0.009769952492685152,1.036891901141015,0.019351866670629506,0.7742655995145591,10.0
2026-05-06,0.10206187444441084,1.488118142374725,0.4020515659845116,0.4260256682892071,2.0
2026-05-07,1.408180313090894,1.1757337288612428,-0.4030916415740106,0.46205648142799643,8.0
2026-05-08,-0.23276628492669457,0.7645368588504055,-0.15738627149438267,0.970219863260458,5.0
2026-05-09,0.34918369935841287,0.8548212887707227,-0.614386238410223,0.1368477393318103,2.0
2026-05-10,-0.5939025218191726,1.0,0.49890863707987115,1.0,1.0
2026-05-11,0.38252251620991123,0.6732292660235051,-0.7344400804267768,0.25273798816081533,3.0
2026-05-12,-0.3087087140666358,0.9381219270807121,0.4228227858036045,1.3575705313880253,7.0
2026-05-13,-0.499500495843534,1.2354854788923069,-0.3978158452248914,0.49238517783725894,7.0
2026-05-14,0.02839849079227949,0.8641266908910475,0.0664027414862967,0.5948802231781114,4.0
2026-05-15,-0.4814422277785952,1.6861528703909838,-0.23223970276545858,1.01603721694654,5.0
2026-05-16,-0.28682448454038717,0.6645931024021786,0.0013299236143729705,1.0372906950121288,3.0
2026-05-18,-0.4026177248443784,0.5298786897224671,-0.5283000708450257,0.3197887568351396,10.0
2026-05-19,-0.061777844302737916,1.137695212862476,-0.20946757431599558,0.7562632019542435,13.0
2026-05-20,-0.022411529047220536,1.0147990178813389,-0.37794848074999976,0.9248233245518789,11.0
2026-05-21,0.33868255248497087,1.1260052880384515,-0.26384599011488513,0.9512112584501823,6.0
2026-05-22,-0.035555782839481145,0.863101271673547,-0.12731695024219963,0.9381920765448409,7.0
2026-05-23,0.4019902125467302,1.4011056271244773,-0.046562370944685696,0.9820510152003129,8.0
2026-05-24,0.08405565630223774,1.1234005911094642,0.32078913168412887,1.3575955590717261,13.0
2026-05-25,0.3404327965719411,0.6474996809158123,-0.2749239528464137,0.819878467851646,8.0
2026-05-26,-0.06951294746602688,1.0410441336088958,-0.28355713848076497,0.6119488425812087,36.0
2026-05-27,-0.05324780203109993,1.1213153365353419,0.15467645401315608,1.469438947084943,18.0
2026-05-28,-0.022052749777873325,0.8142504105469061,-0.2917337522386518,0.5531850539231846,23.0
2026-05-29,-0.29122745733931543,0.8909763531600059,-0.01725407569382089,0.9596900920526975,17.0
2026-05-30,0.041187200364777285,0.49964125979454166,0.8084061625453751,1.7383939862170092,4.0
2026-05-31,0.2456647498549798,1.2814630984425652,-0.3785067154782403,0.3831296952153374,3.0
2026-06-01,0.1198439160844842,0.8645158089191348,-0.22933813522295174,0.6983107824624413,12.0
2026-06-02,-0.03247688446341766,1.2076306162194492,-0.13187140924106072,0.7187029072755804,14.0
2026-06-03,0.36697939584962924,0.6326724384820108,-0.413930639302636,0.7099481038817052,6.0
2026-06-04,0.1233540751229362,1.2326240331276224,-0.24490968874400776,0.7795647462174092,10.0
2026-06-05,0.5244182082210791,0.43010950647902046,1.3583741531875202,1.4394378793841747,2.0
2026-06-06,0.4860396730713346,0.4267048447022818,-0.5219105623834521,0.42812952977816193,4.0
2026-06-07,-0.14106408383878308,1.0526859078826727,-0.6748140509252789,0.1373514929868477,5.0
2026-06-08,0.013204566807400557,1.0075108892609905,-0.6270282485984289,0.12678133111113216,8.0
2026-06-09,0.40605993588592726,0.7644829963226247,0.19059076928022783,0.8212069525199613,15.0
2026-06-10,0.3446223988856636,1.3015544549041607,-0.15333075054119796,0.6149941051498586,15.0
2026-06-11,-0.14419934405424792,1.2206114191428739,0.003678312758282972,0.5160051877792103,6.0
2026-06-12,-0.13084405130524335,1.6619042963320432,0.03695761353080666,0.755751815456276,5.0
2026-06-13,-0.16810628243476342,0.8015564821531663,-0.537627478937733,0.37508848901936653,8.0
2026-06-14,0.9641847630985033,1.5741235586302733,1.0290686682447208,1.9605871239942576,3.0
2026-06-15,-0.12229169452720286,1.0100350301937193,-0.2164505872572092,1.0524318273191415,5.0
2026-06-16,-0.5933219844908696,1.3264678554751164,-0.2280711875481234,0.7371754613907389,6.0
2026-06-17,0.38715024003261106,1.05676201839774,-0.2873006270421062,0.8047087159109443,30.0
2026-06-18,0.29194267823741116,1.0549107933291975,0.04593969429151479,0.9402181422172756,43.0
2026-06-19,0.33498844650585163,1.0066259349676505,0.03446351824555153,0.9185566924805345,65.0
2026-06-20,0.13854065744230465,0.5425897795557577,0.050910076022397215,0.8830054172451413,17.0
2026-06-21,-0.16763720118161024,0.6867833765990726,-0.28871453166271327,0.7652743604853784,25.0
2026-06-22,-0.4374259901620029,0.9971168124962786,0.06912352756459468,1.1265829047015534,20.0
2026-06-23,-0.1457805058483129,0.6541203935693062,0.2932994634416629,1.1809204182447466,40.0
2026-06-24,0.09385524232412823,0.8309908640653967,0.08525772407369642,0.9345785514476157,59.0
2026-06-25,0.10683820829929484,0.9407410436802178,-0.06434884503403854,0.8968597572584712,96.0
2026-06-26,-0.06394694236872345,0.8190030656250918,0.21059827103171808,1.062290257892433,134.0
2026-06-27,0.030486598847300147,0.7854814437259683,-0.054988221321415245,0.8707156692536759,54.0
2026-06-28,0.034815224744583886,0.8755079428072782,0.09328138503706317,1.239543308646019,50.0
2026-06-29,0.08036884741514637,0.6828586466906872,0.09307417403178703,1.0013844403203698,59.0
2026-06-30,0.02699522607966154,0.7987220258053284,0.33090617341193723,1.0919408835523239,45.0
2026-07-01,0.008349039485101241,1.0845110094384225,-0.1107110778642333,1.016982987945062,26.0
2026-07-02,0.18969813805429706,0.8925235810437269,0.6026227593275661,1.1411383004321685,14.0
2026-07-03,-0.18791526181358395,1.2116750469457231,-0.0927927734820926,0.6674813540382074,12.0
2026-07-04,-0.12082555606472746,0.7021978139908314,-0.3683666789535228,0.6423638431483986,14.0
2026-07-05,0.12241593241326833,0.6946863470620283,-0.20384294584084092,1.177495774877518,7.0
2026-07-06,-0.9161894108356804,0.8548420526356424,-0.09883613476342648,0.8768084234863914,9.0
2026-07-07,-0.17978400991433413,0.8281073602670022,-0.5086976316709028,0.5104857025735221,15.0
2026-07-08,0.13632150113307726,0.9136431860875301,-0.32818593559982756,1.0762494719519287,9.0
2026-07-09,0.15122926953364593,1.0027932560372264,-0.07317370142960035,0.9691395060553961,30.0
2026-07-10,-0.376497131610382,1.0882125386489887,-0.2002064290299137,0.836010629605805,27.0
2026-07-11,0.13366999424937168,0.8538679759380366,-0.1826172851686145,0.8637065160532205,18.0
2026-07-12,-0.13069964657830083,0.9960912995586009,0.8433427671994889,0.9407959785388454,19.0
2026-07-13,0.10769361944482454,1.1456698933393246,0.3321475215997445,1.1774813835325333,24.0
2026-07-14,-0.14390229951356642,1.056690065166482,0.07169639504807193,1.1706033080994755,26.0
2026-07-15,0.1757251018211597,0.8128175522200219,-0.08435213482299499,0.9226601262170916,23.0
2026-07-16,-0.35800206181829386,1.2875622049479567,-0.18602653815323583,0.7476570763437983,16.0
2026-07-17,-0.12770747816315603,0.8908355118549802,-0.05996685294927658,0.9380235496226943,29.0
2026-07-18,-0.2403263144644417,1.042634256260377,0.3423172433670267,1.4979929552493558,15.0
2026-07-19,-0.26366185387107904,1.6681090960907243,1.210318703312155,1.580100741243049,7.0
2026-07-20,-0.3445527001937745,0.6212532353795623,0.1247551603879376,0.9344617495310714,9.0
2026-07-21,0.1742882433452195,1.022634142569802,0.2064019161744506,1.322835141115898,12.0
2026-07-22,-0.34642180629893277,0.801692603828105,0.07416687140563019,0.8830277348326818,12.0
2026-07-23,-0.07775094636371815,0.7857488810430744,0.09786049262005424,0.7892105991179266,21.0
2026-07-24,0.13335248119445858,0.6789989878431222,0.0954602753900877,0.745414024877743,9.0
2026-07-25,0.534521041256221,1.0944993905044007,-0.0005846321246442687,0.6505878687053793,12.0
2026-07-26,-0.4148323310883663,1.1570487056289456,-0.5245602836486917,0.32504323213289715,8.0
2026-07-27,0.2500719066669868,0.7524537441303532,0.21967772833492835,1.0824382321441999,12.0
2026-07-28,0.002761933293434373,0.8296155756387358,-0.2860637733833218,0.6090465322061767,34.0
2026-07-29,0.21206268469577066,0.8797475950864462,-0.19248280801458437,0.8139906577186152,26.0
2026-07-30,-0.17681190625827434,1.0210237043937453,0.08437943768869276,0.964672767655663,53.0
2026-07-31,-0.02037390056686691,0.671218736221036,-0.3402273209802396,0.7730324728361031,20.0
2026-08-01,0.2209177070429415,1.2274084158521068,0.13281672997768068,0.966670074815955,18.0
2026-08-02,-0.02611400233192425,1.029654100430462,-0.23771986994471875,0.5889408375261319,12.0
2026-08-03,-0.038117564239309835,1.0042190872044707,0.06199078670214491,0.9815127212934103,11.0
2026-08-04,0.07069859473815603,1.2300582870713477,-0.4169946961239903,0.5502021335473987,25.0
2026-08-05,-0.3409544729249808,0.9905918375068327,0.14480689660258214,1.079120142320706,29.0
2026-08-06,-0.14965818953003696,0.8905151473323194,0.12494248423807135,1.1741056676995356,12.0
2026-08-07,-0.1192554057604295,0.8870798591029047,-0.16960543171454442,0.7913030392691569,20.0
2026-08-08,0.46803220334338574,1.0822376419837993,-0.33402631391499815,0.6590118299990196,14.0
2026-08-09,-0.08480039501020822,1.2448459737555608,0.4323949272084143,1.108442605253546,5.0
2026-08-10,0.42235834998951555,0.8730631695655936,-0.055229992512274756,0.8815331674038417,15.0
2026-08-11,-0.0970006080695332,0.5774005398892652,0.11967722386536638,0.8899657029085043,11.0
2026-08-12,0.1251311471238329,0.7906938488057029,-0.5071156953298189,0.35764899496463753,9.0
2026-08-13,-0.5776613103555647,0.775768241608335,0.13857577850999941,1.1908984262242077,12.0
2026-08-14,0.40729561501728156,1.1250336056252308,0.46957070357729214,1.4082819992070903,16.0
2026-08-15,0.1432991485495756,1.2790493840672847,0.1634940607393473,1.094721474904042,19.0
2026-08-16,0.04788800244060808,1.415497609705075,0.1876525648553218,0.8077473181765777,17.0
2026-08-17,0.19090391827458875,1.0483589836587426,0.33484526595642106,1.0636897277630524,34.0
2026-08-18,0.04515227433213217,1.0114699961689952,0.23169895443192864,1.4582060067388374,7.0
2026-08-19,-0.039881716580465826,1.1010499907453661,0.4009912638148221,1.3415305561899502,13.0
2026-08-20,-0.10854850138798881,0.6114196453216397,0.5010676939037961,0.9951764542790822,20.0
2026-08-21,-0.17134755113322658,0.812696218398799,-0.18428810165102166,0.7711963790086337,10.0
2026-08-22,-0.6308262630861114,0.7041261124543711,0.5313106682895291,0.5981218123929581,2.0
2026-08-24,-0.25489611606156526,0.9987380816566299,0.3313825574708901,1.6111300557207369,19.0
2026-08-25,-0.1705854988587319,0.7179197222968644,0.3428484197290981,1.2097780603002806,9.0
2026-08-26,0.13468377404474857,0.8156490434796713,0.022286962190279758,1.056104878462164,8.0
2026-08-27,0.13228663883841232,0.8455934851366711,0.22388417562492008,1.3526896684144285,5.0
2026-08-28,-0.4135763206961605,0.9419186502939563,-0.002268775213937424,1.091276156991491,6.0
2026-08-29,-1.190038139682563,1.2052524332042627,0.26293376210347846,0.903229972255472,3.0
2026-08-30,-0.5610063482302395,0.8470754670906046,1.2395547546892767,2.378769465473854,6.0
2026-08-31,0.18242028210755834,1.1253592094131766,0.24315312358303667,1.0506413720012242,11.0
2026-09-01,0.5845276131117493,1.0834569960592808,-0.5501612052009196,0.27252780348154504,4.0
2026-09-02,-0.15116733290766704,1.0,3.4276354142169905,1.0,1.0
2026-09-03,0.7738680205332961,1.088022693240978,-0.4989451503828303,0.44161425296374823,7.0
2026-09-04,-0.2745464611989026,0.4504087762959162,1.2803826455110716,1.4020218859584446,4.0
2026-09-05,-0.5872007611798584,1.0,-0.6172133998483676,1.0,1.0
2026-09-06,0.9295118543032953,1.0,-0.672644762641206,1.0,1.0
2026-09-07,0.20875680276195316,0.5443779177224866,0.07940398371091166,1.0926712542963368,3.0
2026-09-08,-0.8685986551837843,1.0588704860046054,2.1231381458036984,1.0312035500947099,4.0
